BI,BI log,BV,AI,AV,VDEVICE,RESISTANCE,,AV,BIAbs
1.15E-09,-8.94E+00,-7.64E-06,-1.14E-09,-4.47E-05,-3.76E-05,-3.28E+04,,1.299999952,0.000428583
6.09E-10,-9.22E+00,-1.29E-05,-6.00E-10,9.96E-03,9.97E-03,1.64E+07,,1.304999948,0.000434371
1.30E-10,-9.89E+00,-9.23E-06,-1.29E-10,2.00E-02,2.00E-02,1.54E+08,,1.309999943,0.000440163
-5.07E-10,-9.29E+00,-1.92E-05,5.10E-10,3.00E-02,3.00E-02,5.92E+07,,1.315000057,0.000446041
-1.22E-09,-8.91E+00,-1.48E-05,1.15E-09,4.00E-02,4.00E-02,3.27E+07,,1.320000052,0.000451936
-1.72E-09,-8.76E+00,-1.61E-05,1.65E-09,5.00E-02,5.00E-02,2.90E+07,,1.325000048,0.000457929
-2.20E-09,-8.66E+00,-1.73E-05,2.13E-09,6.00E-02,6.00E-02,2.73E+07,,1.330000043,0.000463928
-2.67E-09,-8.57E+00,-1.81E-05,2.60E-09,7.00E-02,7.00E-02,2.62E+07,,1.335000038,0.000470027
-3.14E-09,-8.50E+00,-1.70E-05,3.06E-09,8.00E-02,8.00E-02,2.55E+07,,1.340000033,0.000476141
-3.59E-09,-8.44E+00,-1.91E-05,3.52E-09,9.00E-02,9.00E-02,2.51E+07,,1.345000029,0.000482346
-4.04E-09,-8.39E+00,-1.90E-05,3.97E-09,1.00E-01,1.00E-01,2.48E+07,,1.350000024,0.000488572
-4.49E-09,-8.35E+00,-2.01E-05,4.41E-09,1.10E-01,1.10E-01,2.45E+07,,1.355000019,0.000494899
-4.72E-09,-8.33E+00,-1.40E-05,4.68E-09,1.20E-01,1.20E-01,2.54E+07,,1.360000014,0.000501237
-5.17E-09,-8.29E+00,-1.43E-05,5.29E-09,1.30E-01,1.30E-01,2.52E+07,,1.36500001,0.000507686
-5.68E-09,-8.25E+00,-1.50E-05,5.80E-09,1.40E-01,1.40E-01,2.47E+07,,1.370000005,0.000514154
-6.18E-09,-8.21E+00,-1.48E-05,6.30E-09,1.50E-01,1.50E-01,2.43E+07,,1.375,0.00052073
-6.67E-09,-8.18E+00,-1.48E-05,6.79E-09,1.60E-01,1.60E-01,2.40E+07,,1.379999995,0.00052733
-7.16E-09,-8.15E+00,-1.55E-05,7.28E-09,1.70E-01,1.70E-01,2.38E+07,,1.38499999,0.000534036
-7.65E-09,-8.12E+00,-1.60E-05,7.77E-09,1.80E-01,1.80E-01,2.35E+07,,1.389999986,0.000540757
-8.15E-09,-8.09E+00,-1.57E-05,8.27E-09,1.90E-01,1.90E-01,2.33E+07,,1.394999981,0.000547551
-8.65E-09,-8.06E+00,-1.53E-05,8.77E-09,2.00E-01,2.00E-01,2.31E+07,,1.399999976,0.000554459
-9.16E-09,-8.04E+00,-1.58E-05,9.29E-09,2.10E-01,2.10E-01,2.29E+07,,1.404999971,0.00056139
-9.70E-09,-8.01E+00,-1.58E-05,9.82E-09,2.20E-01,2.20E-01,2.27E+07,,1.409999967,0.000568429
-1.02E-08,-7.99E+00,-1.58E-05,1.04E-08,2.30E-01,2.30E-01,2.24E+07,,1.414999962,0.000575487
-1.08E-08,-7.97E+00,-1.58E-05,1.10E-08,2.40E-01,2.40E-01,2.22E+07,,1.419999957,0.000582674
-1.14E-08,-7.94E+00,-1.56E-05,1.16E-08,2.50E-01,2.50E-01,2.18E+07,,1.424999952,0.00058988
-1.21E-08,-7.92E+00,-1.60E-05,1.22E-08,2.60E-01,2.60E-01,2.15E+07,,1.429999948,0.00059722
-1.29E-08,-7.89E+00,-1.71E-05,1.30E-08,2.70E-01,2.70E-01,2.10E+07,,1.434999943,0.000604578
-1.37E-08,-7.86E+00,-1.70E-05,1.38E-08,2.80E-01,2.80E-01,2.05E+07,,1.440000057,0.00061207
-1.46E-08,-7.84E+00,-1.77E-05,1.47E-08,2.90E-01,2.90E-01,1.99E+07,,1.445000052,0.000619592
-1.56E-08,-7.81E+00,-1.75E-05,1.58E-08,3.00E-01,3.00E-01,1.92E+07,,1.450000048,0.000627234
-1.69E-08,-7.77E+00,-1.71E-05,1.70E-08,3.10E-01,3.10E-01,1.84E+07,,1.455000043,0.00063492
-1.83E-08,-7.74E+00,-1.76E-05,1.85E-08,3.20E-01,3.20E-01,1.74E+07,,1.460000038,0.000642732
-2.01E-08,-7.70E+00,-1.83E-05,2.02E-08,3.30E-01,3.30E-01,1.64E+07,,1.465000033,0.000650588
-2.22E-08,-7.65E+00,-1.83E-05,2.23E-08,3.40E-01,3.40E-01,1.53E+07,,1.470000029,0.000658581
-2.48E-08,-7.61E+00,-1.97E-05,2.49E-08,3.50E-01,3.50E-01,1.41E+07,,1.475000024,0.000666605
-2.80E-08,-7.55E+00,-1.97E-05,2.81E-08,3.60E-01,3.60E-01,1.29E+07,,1.480000019,0.000674778
-3.19E-08,-7.50E+00,-2.01E-05,3.20E-08,3.70E-01,3.70E-01,1.16E+07,,1.485000014,0.000682984
-3.69E-08,-7.43E+00,-2.05E-05,3.70E-08,3.80E-01,3.80E-01,1.03E+07,,1.49000001,0.000691339
-4.30E-08,-7.37E+00,-2.08E-05,4.31E-08,3.90E-01,3.90E-01,9.06E+06,,1.495000005,0.000699733
-5.05E-08,-7.30E+00,-1.32E-05,5.05E-08,4.00E-01,4.00E-01,7.93E+06,,1.5,0.000708293
-6.04E-08,-7.22E+00,-1.32E-05,6.05E-08,4.10E-01,4.10E-01,6.79E+06,,1.504999995,0.000716888
-7.29E-08,-7.14E+00,-1.41E-05,7.30E-08,4.20E-01,4.20E-01,5.76E+06,,1.50999999,0.000725632
-8.88E-08,-7.05E+00,-1.35E-05,8.89E-08,4.30E-01,4.30E-01,4.84E+06,,1.514999986,0.000734427
-1.09E-07,-6.96E+00,-1.47E-05,1.09E-07,4.40E-01,4.40E-01,4.04E+06,,1.519999981,0.000743384
-1.35E-07,-6.87E+00,-1.57E-05,1.35E-07,4.50E-01,4.50E-01,3.34E+06,,1.524999976,0.000752393
-1.67E-07,-6.78E+00,-1.55E-05,1.67E-07,4.60E-01,4.60E-01,2.75E+06,,1.529999971,0.000761578
-2.09E-07,-6.68E+00,-1.68E-05,2.09E-07,4.70E-01,4.70E-01,2.25E+06,,1.534999967,0.000770816
-2.61E-07,-6.58E+00,-1.79E-05,2.61E-07,4.80E-01,4.80E-01,1.84E+06,,1.539999962,0.000780223
-3.27E-07,-6.49E+00,-1.88E-05,3.27E-07,4.90E-01,4.90E-01,1.50E+06,,1.544999957,0.000789693
-4.10E-07,-6.39E+00,-2.10E-05,4.10E-07,5.00E-01,5.00E-01,1.22E+06,,1.549999952,0.000799348
-5.17E-07,-6.29E+00,-1.32E-05,5.17E-07,5.10E-01,5.10E-01,9.86E+05,,1.554999948,0.000809059
-6.49E-07,-6.19E+00,-1.33E-05,6.49E-07,5.20E-01,5.20E-01,8.01E+05,,1.559999943,0.000818974
-8.12E-07,-6.09E+00,-1.43E-05,8.13E-07,5.30E-01,5.30E-01,6.52E+05,,1.565000057,0.000828957
-1.01E-06,-6.00E+00,-1.42E-05,1.01E-06,5.40E-01,5.40E-01,5.32E+05,,1.570000052,0.000839106
-1.26E-06,-5.90E+00,-1.53E-05,1.26E-06,5.50E-01,5.49E-01,4.35E+05,,1.575000048,0.000849361
-1.56E-06,-5.81E+00,-1.53E-05,1.56E-06,5.60E-01,5.59E-01,3.58E+05,,1.580000043,0.000859815
-1.93E-06,-5.71E+00,-1.68E-05,1.93E-06,5.70E-01,5.69E-01,2.95E+05,,1.585000038,0.000870349
-2.36E-06,-5.63E+00,-1.70E-05,2.36E-06,5.80E-01,5.79E-01,2.45E+05,,1.590000033,0.000881112
-2.88E-06,-5.54E+00,-1.83E-05,2.88E-06,5.90E-01,5.89E-01,2.04E+05,,1.595000029,0.000891938
-3.49E-06,-5.46E+00,-1.95E-05,3.49E-06,6.00E-01,5.98E-01,1.72E+05,,1.600000024,0.000902996
-4.20E-06,-5.38E+00,-2.06E-05,4.20E-06,6.10E-01,6.08E-01,1.45E+05,,1.605000019,0.000914146
-5.02E-06,-5.30E+00,-1.35E-05,5.02E-06,6.20E-01,6.18E-01,1.23E+05,,1.610000014,0.000925465
-5.96E-06,-5.22E+00,-1.28E-05,5.97E-06,6.30E-01,6.27E-01,1.05E+05,,1.61500001,0.000937033
-7.04E-06,-5.15E+00,-1.37E-05,7.04E-06,6.40E-01,6.37E-01,9.05E+04,,1.620000005,0.00094869
-8.25E-06,-5.08E+00,-1.38E-05,8.26E-06,6.50E-01,6.46E-01,7.83E+04,,1.625,0.000960612
-9.62E-06,-5.02E+00,-1.50E-05,9.62E-06,6.60E-01,6.56E-01,6.82E+04,,1.629999995,0.000972636
-1.11E-05,-4.95E+00,-1.47E-05,1.11E-05,6.70E-01,6.65E-01,5.97E+04,,1.63499999,0.000984944
-1.28E-05,-4.89E+00,-1.48E-05,1.28E-05,6.80E-01,6.74E-01,5.25E+04,,1.639999986,0.000997371
-1.47E-05,-4.83E+00,-1.64E-05,1.47E-05,6.90E-01,6.83E-01,4.65E+04,,1.644999981,0.001010088
-1.67E-05,-4.78E+00,-1.64E-05,1.68E-05,7.00E-01,6.92E-01,4.13E+04,,1.649999976,0.001022925
-1.90E-05,-4.72E+00,-1.67E-05,1.90E-05,7.10E-01,7.01E-01,3.69E+04,,1.654999971,0.001036081
-2.14E-05,-4.67E+00,-1.82E-05,2.14E-05,7.20E-01,7.10E-01,3.31E+04,,1.659999967,0.001049376
-2.41E-05,-4.62E+00,-1.83E-05,2.41E-05,7.30E-01,7.19E-01,2.99E+04,,1.664999962,0.001062986
-2.69E-05,-4.57E+00,-1.81E-05,2.69E-05,7.40E-01,7.27E-01,2.70E+04,,1.669999957,0.001076758
-3.00E-05,-4.52E+00,-1.98E-05,3.00E-05,7.50E-01,7.36E-01,2.46E+04,,1.674999952,0.001090872
-3.32E-05,-4.48E+00,-1.92E-05,3.32E-05,7.60E-01,7.44E-01,2.24E+04,,1.679999948,0.001105139
-3.67E-05,-4.44E+00,-1.99E-05,3.67E-05,7.70E-01,7.53E-01,2.05E+04,,1.684999943,0.001119776
-4.04E-05,-4.39E+00,-2.09E-05,4.04E-05,7.80E-01,7.61E-01,1.88E+04,,1.690000057,0.001134597
-4.43E-05,-4.35E+00,-2.12E-05,4.43E-05,7.90E-01,7.69E-01,1.74E+04,,1.695000052,0.001149812
-4.84E-05,-4.32E+00,-2.19E-05,4.84E-05,8.00E-01,7.77E-01,1.60E+04,,1.700000048,0.001165237
-5.27E-05,-4.28E+00,-1.58E-05,5.28E-05,8.10E-01,7.85E-01,1.49E+04,,1.705000043,0.001181043
-5.72E-05,-4.24E+00,-1.52E-05,5.73E-05,8.20E-01,7.93E-01,1.39E+04,,1.710000038,0.001197102
-6.19E-05,-4.21E+00,-1.64E-05,6.20E-05,8.30E-01,8.01E-01,1.29E+04,,1.715000033,0.001213599
-6.68E-05,-4.18E+00,-1.58E-05,6.69E-05,8.40E-01,8.08E-01,1.21E+04,,1.720000029,0.001230345
-7.19E-05,-4.14E+00,-1.60E-05,7.19E-05,8.50E-01,8.16E-01,1.13E+04,,1.725000024,0.001247572
-7.71E-05,-4.11E+00,-1.64E-05,7.72E-05,8.60E-01,8.23E-01,1.07E+04,,1.730000019,0.00126508
-8.25E-05,-4.08E+00,-1.59E-05,8.26E-05,8.70E-01,8.31E-01,1.01E+04,,1.735000014,0.001283115
-8.81E-05,-4.06E+00,-1.64E-05,8.81E-05,8.80E-01,8.38E-01,9.51E+03,,1.74000001,0.001301437
-9.38E-05,-4.03E+00,-1.69E-05,9.39E-05,8.90E-01,8.45E-01,9.01E+03,,1.745000005,0.001320352
-9.97E-05,-4.00E+00,-1.72E-05,9.97E-05,9.00E-01,8.53E-01,8.55E+03,,1.75,0.001339595
-1.06E-04,-3.97E+00,-1.61E-05,1.06E-04,9.10E-01,8.60E-01,8.13E+03,,1.754999995,0.001359474
-1.12E-04,-3.95E+00,-1.72E-05,1.12E-04,9.20E-01,8.67E-01,7.75E+03,,1.75999999,0.001379753
-1.18E-04,-3.93E+00,-1.70E-05,1.18E-04,9.30E-01,8.74E-01,7.39E+03,,1.764999986,0.00140072
-1.25E-04,-3.90E+00,-1.66E-05,1.25E-04,9.40E-01,8.81E-01,7.06E+03,,1.769999981,0.00142211
-1.31E-04,-3.88E+00,-1.73E-05,1.31E-04,9.50E-01,8.88E-01,6.76E+03,,1.774999976,0.001444281
-1.38E-04,-3.86E+00,-1.83E-05,1.38E-04,9.60E-01,8.94E-01,6.48E+03,,1.779999971,0.001466955
-1.45E-04,-3.84E+00,-1.78E-05,1.45E-04,9.70E-01,9.01E-01,6.22E+03,,1.784999967,0.001490473
-1.52E-04,-3.82E+00,-1.76E-05,1.52E-04,9.80E-01,9.08E-01,5.98E+03,,1.789999962,0.001514595
-1.59E-04,-3.80E+00,-1.83E-05,1.59E-04,9.90E-01,9.14E-01,5.75E+03,,1.794999957,0.001539669
-1.66E-04,-3.78E+00,-1.84E-05,1.66E-04,1.00E+00,9.21E-01,5.54E+03,,1.799999952,0.001565406
-1.59E-04,-3.80E+00,-1.80E-05,1.59E-04,9.90E-01,9.14E-01,5.75E+03,,1.804999948,0.001592253
-1.52E-04,-3.82E+00,-1.73E-05,1.52E-04,9.80E-01,9.08E-01,5.97E+03,,1.809999943,0.001619923
-1.45E-04,-3.84E+00,-1.77E-05,1.45E-04,9.70E-01,9.01E-01,6.22E+03,,1.815000057,0.001648659
-1.38E-04,-3.86E+00,-1.72E-05,1.38E-04,9.60E-01,8.94E-01,6.48E+03,,1.820000052,0.001678779
-1.31E-04,-3.88E+00,-1.68E-05,1.31E-04,9.50E-01,8.88E-01,6.76E+03,,1.825000048,0.001709939
-1.25E-04,-3.90E+00,-1.67E-05,1.25E-04,9.40E-01,8.81E-01,7.06E+03,,1.830000043,0.001742751
-1.18E-04,-3.93E+00,-1.66E-05,1.18E-04,9.30E-01,8.74E-01,7.39E+03,,1.835000038,0.001776843
-1.12E-04,-3.95E+00,-1.70E-05,1.12E-04,9.20E-01,8.67E-01,7.75E+03,,1.840000033,0.001812917
-1.06E-04,-3.97E+00,-1.63E-05,1.06E-04,9.10E-01,8.60E-01,8.13E+03,,1.845000029,0.001850627
-9.97E-05,-4.00E+00,-1.63E-05,9.98E-05,9.00E-01,8.53E-01,8.55E+03,,1.850000024,0.001890832
-9.38E-05,-4.03E+00,-1.67E-05,9.39E-05,8.90E-01,8.45E-01,9.01E+03,,1.855000019,0.001933206
-8.81E-05,-4.06E+00,-1.67E-05,8.82E-05,8.80E-01,8.38E-01,9.51E+03,,1.860000014,0.001978703
-8.25E-05,-4.08E+00,-1.58E-05,8.26E-05,8.70E-01,8.31E-01,1.01E+04,,1.86500001,0.002027228
-7.71E-05,-4.11E+00,-1.61E-05,7.72E-05,8.60E-01,8.23E-01,1.07E+04,,1.870000005,0.002079999
-7.19E-05,-4.14E+00,-1.67E-05,7.19E-05,8.50E-01,8.16E-01,1.13E+04,,1.875,0.002137141
-6.68E-05,-4.18E+00,-1.61E-05,6.69E-05,8.40E-01,8.08E-01,1.21E+04,,1.879999995,0.002200587
-6.20E-05,-4.21E+00,-1.58E-05,6.20E-05,8.30E-01,8.01E-01,1.29E+04,,1.88499999,0.002271065
-5.72E-05,-4.24E+00,-1.65E-05,5.73E-05,8.20E-01,7.93E-01,1.38E+04,,1.889999986,0.00235212
-5.27E-05,-4.28E+00,-1.57E-05,5.28E-05,8.10E-01,7.85E-01,1.49E+04,,1.894999981,0.002447029
-4.84E-05,-4.32E+00,-1.55E-05,4.85E-05,8.00E-01,7.77E-01,1.60E+04,,1.899999976,0.002565779
-4.43E-05,-4.35E+00,-1.49E-05,4.44E-05,7.90E-01,7.69E-01,1.74E+04,,1.904999971,0.002730376
-4.04E-05,-4.39E+00,-1.56E-05,4.04E-05,7.80E-01,7.61E-01,1.88E+04,,1.909999967,0.031631116
-3.67E-05,-4.44E+00,-2.02E-05,3.67E-05,7.70E-01,7.53E-01,2.05E+04,,1.914999962,0.031826552
-3.33E-05,-4.48E+00,-1.99E-05,3.33E-05,7.60E-01,7.44E-01,2.24E+04,,1.919999957,0.03201583
-3.00E-05,-4.52E+00,-1.81E-05,3.00E-05,7.50E-01,7.36E-01,2.45E+04,,1.924999952,0.032204352
-2.69E-05,-4.57E+00,-1.79E-05,2.69E-05,7.40E-01,7.27E-01,2.70E+04,,1.929999948,0.032389957
-2.41E-05,-4.62E+00,-1.76E-05,2.41E-05,7.30E-01,7.19E-01,2.98E+04,,1.934999943,0.032570962
-2.15E-05,-4.67E+00,-1.66E-05,2.15E-05,7.20E-01,7.10E-01,3.31E+04,,1.940000057,0.032751754
-1.90E-05,-4.72E+00,-1.63E-05,1.90E-05,7.10E-01,7.01E-01,3.69E+04,,1.945000052,0.032929871
-1.68E-05,-4.77E+00,-1.57E-05,1.68E-05,7.00E-01,6.92E-01,4.13E+04,,1.950000048,0.033107013
-1.47E-05,-4.83E+00,-1.65E-05,1.47E-05,6.90E-01,6.83E-01,4.64E+04,,1.955000043,0.033281062
-1.29E-05,-4.89E+00,-1.45E-05,1.29E-05,6.80E-01,6.74E-01,5.24E+04,,1.960000038,0.033451743
-1.12E-05,-4.95E+00,-1.44E-05,1.12E-05,6.70E-01,6.65E-01,5.96E+04,,1.965000033,0.033616073
-9.64E-06,-5.02E+00,-1.54E-05,9.64E-06,6.60E-01,6.56E-01,6.80E+04,,1.970000029,0.033785954
-8.27E-06,-5.08E+00,-1.35E-05,8.28E-06,6.50E-01,6.46E-01,7.81E+04,,1.975000024,0.033956971
-7.06E-06,-5.15E+00,-1.38E-05,7.06E-06,6.40E-01,6.37E-01,9.02E+04,,1.980000019,0.034125742
-5.98E-06,-5.22E+00,-1.32E-05,5.98E-06,6.30E-01,6.27E-01,1.05E+05,,1.985000014,0.034291286
-5.04E-06,-5.30E+00,-1.35E-05,5.04E-06,6.20E-01,6.18E-01,1.23E+05,,1.99000001,0.034456413
-4.21E-06,-5.38E+00,-1.28E-05,4.22E-06,6.10E-01,6.08E-01,1.44E+05,,1.995000005,0.034619816
-3.51E-06,-5.45E+00,-1.94E-05,3.51E-06,6.00E-01,5.98E-01,1.71E+05,,2,0.034781847
-2.90E-06,-5.54E+00,-1.89E-05,2.90E-06,5.90E-01,5.89E-01,2.03E+05,,2.005000114,0.034942735
-2.38E-06,-5.62E+00,-1.76E-05,2.38E-06,5.80E-01,5.79E-01,2.43E+05,,2.00999999,0.035104122
-1.94E-06,-5.71E+00,-1.68E-05,1.94E-06,5.70E-01,5.69E-01,2.93E+05,,2.015000105,0.03526089
-1.58E-06,-5.80E+00,-1.63E-05,1.58E-06,5.60E-01,5.59E-01,3.55E+05,,2.019999981,0.035416756
-1.27E-06,-5.90E+00,-1.47E-05,1.27E-06,5.50E-01,5.49E-01,4.32E+05,,2.025000095,0.035572961
-1.02E-06,-5.99E+00,-1.49E-05,1.02E-06,5.40E-01,5.40E-01,5.28E+05,,2.029999971,0.035729051
-8.20E-07,-6.09E+00,-1.46E-05,8.21E-07,5.30E-01,5.30E-01,6.46E+05,,2.035000086,0.035885762
-6.55E-07,-6.18E+00,-1.39E-05,6.56E-07,5.20E-01,5.20E-01,7.94E+05,,2.039999962,0.036039583
-5.22E-07,-6.28E+00,-1.37E-05,5.23E-07,5.10E-01,5.10E-01,9.76E+05,,2.045000076,0.036192849
-4.16E-07,-6.38E+00,-1.37E-05,4.17E-07,5.00E-01,5.00E-01,1.20E+06,,2.049999952,0.036343545
-3.32E-07,-6.48E+00,-1.98E-05,3.32E-07,4.90E-01,4.90E-01,1.48E+06,,2.055000067,0.03649541
-2.65E-07,-6.58E+00,-1.78E-05,2.65E-07,4.80E-01,4.80E-01,1.81E+06,,2.059999943,0.036645003
-2.11E-07,-6.68E+00,-1.71E-05,2.11E-07,4.70E-01,4.70E-01,2.23E+06,,2.065000057,0.0367947
-1.69E-07,-6.77E+00,-1.66E-05,1.69E-07,4.60E-01,4.60E-01,2.73E+06,,2.069999933,0.036942903
-1.35E-07,-6.87E+00,-1.54E-05,1.36E-07,4.50E-01,4.50E-01,3.32E+06,,2.075000048,0.037091237
-1.09E-07,-6.96E+00,-1.56E-05,1.09E-07,4.40E-01,4.40E-01,4.03E+06,,2.079999924,0.037238628
-8.85E-08,-7.05E+00,-1.48E-05,8.86E-08,4.30E-01,4.30E-01,4.86E+06,,2.085000038,0.037386496
-7.21E-08,-7.14E+00,-1.35E-05,7.23E-08,4.20E-01,4.20E-01,5.83E+06,,2.089999914,0.037531793
-5.92E-08,-7.23E+00,-1.32E-05,5.93E-08,4.10E-01,4.10E-01,6.93E+06,,2.095000029,0.037678465
-4.89E-08,-7.31E+00,-1.36E-05,4.91E-08,4.00E-01,4.00E-01,8.18E+06,,2.099999905,0.037823938
-4.08E-08,-7.39E+00,-1.27E-05,4.09E-08,3.90E-01,3.90E-01,9.57E+06,,2.099999905,0.037827391
-3.50E-08,-7.46E+00,-1.99E-05,3.49E-08,3.80E-01,3.80E-01,1.09E+07,,2.095000029,0.037690643
-2.94E-08,-7.53E+00,-1.83E-05,2.93E-08,3.70E-01,3.70E-01,1.26E+07,,2.089999914,0.037551828
-2.52E-08,-7.60E+00,-1.77E-05,2.51E-08,3.60E-01,3.60E-01,1.43E+07,,2.085000038,0.037412494
-2.17E-08,-7.66E+00,-1.58E-05,2.16E-08,3.50E-01,3.50E-01,1.61E+07,,2.079999924,0.037273522
-1.90E-08,-7.72E+00,-1.53E-05,1.89E-08,3.40E-01,3.40E-01,1.79E+07,,2.075000048,0.037132882
-1.67E-08,-7.78E+00,-1.52E-05,1.66E-08,3.30E-01,3.30E-01,1.98E+07,,2.069999933,0.036989834
-1.48E-08,-7.83E+00,-1.52E-05,1.47E-08,3.20E-01,3.20E-01,2.16E+07,,2.065000057,0.036847211
-1.32E-08,-7.88E+00,-1.56E-05,1.31E-08,3.10E-01,3.10E-01,2.34E+07,,2.059999943,0.036702022
-1.19E-08,-7.92E+00,-1.40E-05,1.18E-08,3.00E-01,3.00E-01,2.52E+07,,2.055000067,0.036556404
-1.07E-08,-7.97E+00,-1.42E-05,1.06E-08,2.90E-01,2.90E-01,2.70E+07,,2.049999952,0.036408942
-9.74E-09,-8.01E+00,-1.38E-05,9.64E-09,2.80E-01,2.80E-01,2.87E+07,,2.045000076,0.036261182
-8.86E-09,-8.05E+00,-1.40E-05,8.76E-09,2.70E-01,2.70E-01,3.05E+07,,2.039999962,0.036111761
-8.08E-09,-8.09E+00,-1.27E-05,7.97E-09,2.60E-01,2.60E-01,3.22E+07,,2.035000086,0.035962272
-7.36E-09,-8.13E+00,-1.36E-05,7.26E-09,2.50E-01,2.50E-01,3.40E+07,,2.029999971,0.03581062
-6.71E-09,-8.17E+00,-1.32E-05,6.61E-09,2.40E-01,2.40E-01,3.58E+07,,2.025000095,0.03565906
-6.10E-09,-8.21E+00,-1.30E-05,6.00E-09,2.30E-01,2.30E-01,3.77E+07,,2.019999981,0.035506137
-5.53E-09,-8.26E+00,-1.22E-05,5.43E-09,2.20E-01,2.20E-01,3.98E+07,,2.015000105,0.035351261
-5.00E-09,-8.30E+00,-1.30E-05,4.89E-09,2.10E-01,2.10E-01,4.20E+07,,2.00999999,0.035196457
-4.48E-09,-8.35E+00,-1.32E-05,4.37E-09,2.00E-01,2.00E-01,4.47E+07,,2.005000114,0.035039626
-4.84E-09,-8.32E+00,-2.35E-05,4.84E-09,1.90E-01,1.90E-01,3.92E+07,,2,0.034882322
-3.95E-09,-8.40E+00,-2.44E-05,4.01E-09,1.80E-01,1.80E-01,4.55E+07,,1.995000005,0.034723122
-3.44E-09,-8.46E+00,-2.28E-05,3.51E-09,1.70E-01,1.70E-01,4.94E+07,,1.99000001,0.034563158
-2.98E-09,-8.53E+00,-2.19E-05,3.05E-09,1.60E-01,1.60E-01,5.37E+07,,1.985000014,0.034401398
-2.55E-09,-8.59E+00,-1.88E-05,2.62E-09,1.50E-01,1.50E-01,5.89E+07,,1.980000019,0.034239583
-2.13E-09,-8.67E+00,-1.77E-05,2.20E-09,1.40E-01,1.40E-01,6.59E+07,,1.975000024,0.034076001
-1.71E-09,-8.77E+00,-1.65E-05,1.78E-09,1.30E-01,1.30E-01,7.60E+07,,1.970000029,0.033911791
-1.30E-09,-8.89E+00,-1.58E-05,1.37E-09,1.20E-01,1.20E-01,9.22E+07,,1.965000033,0.03374489
-8.98E-10,-9.05E+00,-1.47E-05,9.69E-10,1.10E-01,1.10E-01,1.22E+08,,1.960000038,0.033577874
-1.77E-09,-8.75E+00,-2.29E-05,1.82E-09,1.00E-01,1.00E-01,5.66E+07,,1.955000043,0.033408124
-8.97E-10,-9.05E+00,-1.64E-05,9.60E-10,9.00E-02,9.00E-02,1.00E+08,,1.950000048,0.033238448
-1.26E-09,-8.90E+00,-2.09E-05,1.29E-09,8.00E-02,8.00E-02,6.35E+07,,1.945000052,0.03306631
-1.17E-09,-8.93E+00,-2.12E-05,1.18E-09,7.00E-02,7.00E-02,5.98E+07,,1.940000057,0.032893907
-9.65E-10,-9.02E+00,-1.92E-05,9.64E-10,6.00E-02,6.00E-02,6.22E+07,,1.934999943,0.032718785
-1.05E-09,-8.98E+00,-2.00E-05,1.08E-09,5.00E-02,5.00E-02,4.75E+07,,1.929999948,0.032543197
-4.89E-10,-9.31E+00,-2.40E-05,4.84E-10,4.00E-02,4.00E-02,8.19E+07,,1.924999952,0.032364659
1.10E-10,-9.96E+00,-1.53E-06,-1.04E-10,3.00E-02,3.00E-02,2.73E+08,,1.919999957,0.032185603
3.54E-10,-9.45E+00,-1.66E-05,-3.38E-10,2.00E-02,2.00E-02,5.64E+07,,1.914999962,0.032004122
1.21E-09,-8.92E+00,-1.12E-05,-1.14E-09,9.96E-03,9.97E-03,8.27E+06,,1.909999967,0.031821813
1.74E-09,-8.76E+00,-9.94E-06,-1.66E-09,-5.13E-05,-4.22E-05,-2.43E+04,,1.904999971,0.031636935
2.22E-09,-8.65E+00,-9.90E-06,-2.15E-09,-9.99E-03,-9.99E-03,-4.49E+06,,1.899999976,0.031451251
2.69E-09,-8.57E+00,-8.06E-06,-2.62E-09,-2.00E-02,-2.00E-02,-7.42E+06,,1.894999981,0.031262472
3.16E-09,-8.50E+00,-8.27E-06,-3.08E-09,-3.00E-02,-3.00E-02,-9.51E+06,,1.889999986,0.031073049
3.61E-09,-8.44E+00,-7.14E-06,-3.53E-09,-4.00E-02,-4.00E-02,-1.11E+07,,1.88499999,0.030880198
4.05E-09,-8.39E+00,-6.26E-06,-3.98E-09,-5.00E-02,-5.00E-02,-1.24E+07,,1.879999995,0.030686613
4.49E-09,-8.35E+00,-5.88E-06,-4.41E-09,-6.00E-02,-6.00E-02,-1.34E+07,,1.875,0.030489292
4.56E-09,-8.34E+00,-1.08E-05,-4.55E-09,-7.00E-02,-7.00E-02,-1.54E+07,,1.870000005,0.030291384
5.06E-09,-8.30E+00,-1.03E-05,-5.18E-09,-8.00E-02,-8.00E-02,-1.58E+07,,1.86500001,0.030089935
5.58E-09,-8.25E+00,-1.01E-05,-5.69E-09,-9.00E-02,-9.00E-02,-1.61E+07,,1.860000014,0.029887432
6.07E-09,-8.22E+00,-9.90E-06,-6.18E-09,-1.00E-01,-1.00E-01,-1.65E+07,,1.855000019,0.029681211
6.55E-09,-8.18E+00,-1.05E-05,-6.66E-09,-1.10E-01,-1.10E-01,-1.68E+07,,1.850000024,0.029473728
7.02E-09,-8.15E+00,-9.65E-06,-7.12E-09,-1.20E-01,-1.20E-01,-1.71E+07,,1.845000029,0.029262222
7.48E-09,-8.13E+00,-9.14E-06,-7.58E-09,-1.30E-01,-1.30E-01,-1.74E+07,,1.840000033,0.029049924
7.93E-09,-8.10E+00,-9.31E-06,-8.04E-09,-1.40E-01,-1.40E-01,-1.77E+07,,1.835000038,0.028832801
8.38E-09,-8.08E+00,-9.56E-06,-8.49E-09,-1.50E-01,-1.50E-01,-1.79E+07,,1.830000043,0.028614178
8.82E-09,-8.05E+00,-9.65E-06,-8.93E-09,-1.60E-01,-1.60E-01,-1.81E+07,,1.825000048,0.028391279
9.27E-09,-8.03E+00,-9.65E-06,-9.38E-09,-1.70E-01,-1.70E-01,-1.83E+07,,1.820000052,0.02816635
9.71E-09,-8.01E+00,-9.56E-06,-9.82E-09,-1.80E-01,-1.80E-01,-1.85E+07,,1.815000057,0.027936626
1.01E-08,-8.00E+00,-1.01E-05,-1.03E-08,-1.90E-01,-1.90E-01,-1.87E+07,,1.809999943,0.027704837
1.06E-08,-7.97E+00,-1.02E-05,-1.07E-08,-2.00E-01,-2.00E-01,-1.89E+07,,1.804999948,0.027469058
1.10E-08,-7.96E+00,-9.39E-06,-1.11E-08,-2.10E-01,-2.10E-01,-1.91E+07,,1.799999952,0.027228426
1.14E-08,-7.94E+00,-8.73E-06,-1.16E-08,-2.20E-01,-2.20E-01,-1.92E+07,,1.794999957,0.026985303
1.19E-08,-7.92E+00,-8.56E-06,-1.20E-08,-2.30E-01,-2.30E-01,-1.94E+07,,1.789999962,0.026735989
1.23E-08,-7.91E+00,-9.06E-06,-1.24E-08,-2.40E-01,-2.40E-01,-1.95E+07,,1.784999967,0.026483994
1.27E-08,-7.90E+00,-8.98E-06,-1.28E-08,-2.50E-01,-2.50E-01,-1.96E+07,,1.779999971,0.026225239
1.32E-08,-7.88E+00,-8.39E-06,-1.33E-08,-2.60E-01,-2.60E-01,-1.98E+07,,1.774999976,0.025962925
1.36E-08,-7.87E+00,-8.14E-06,-1.37E-08,-2.70E-01,-2.70E-01,-1.99E+07,,1.769999981,0.025693195
1.40E-08,-7.85E+00,-8.31E-06,-1.41E-08,-2.80E-01,-2.80E-01,-2.00E+07,,1.764999986,0.025419192
1.44E-08,-7.84E+00,-9.06E-06,-1.45E-08,-2.90E-01,-2.90E-01,-2.01E+07,,1.75999999,0.025137614
1.49E-08,-7.83E+00,-8.47E-06,-1.50E-08,-3.00E-01,-3.00E-01,-2.02E+07,,1.754999995,0.024850681
1.53E-08,-7.82E+00,-8.47E-06,-1.54E-08,-3.10E-01,-3.10E-01,-2.03E+07,,1.75,0.024554521
1.57E-08,-7.80E+00,-8.14E-06,-1.58E-08,-3.20E-01,-3.20E-01,-2.04E+07,,1.745000005,0.024252431
1.61E-08,-7.79E+00,-7.64E-06,-1.62E-08,-3.30E-01,-3.30E-01,-2.05E+07,,1.74000001,0.023939461
1.65E-08,-7.78E+00,-7.72E-06,-1.66E-08,-3.40E-01,-3.40E-01,-2.06E+07,,1.735000014,0.023619022
1.70E-08,-7.77E+00,-7.64E-06,-1.71E-08,-3.50E-01,-3.50E-01,-2.06E+07,,1.730000019,0.023286274
1.74E-08,-7.76E+00,-7.39E-06,-1.75E-08,-3.60E-01,-3.60E-01,-2.07E+07,,1.725000024,0.022943579
1.78E-08,-7.75E+00,-8.22E-06,-1.79E-08,-3.70E-01,-3.70E-01,-2.08E+07,,1.720000029,0.022584876
1.82E-08,-7.74E+00,-6.97E-06,-1.83E-08,-3.80E-01,-3.80E-01,-2.08E+07,,1.715000033,0.022213798
1.87E-08,-7.73E+00,-6.72E-06,-1.88E-08,-3.90E-01,-3.90E-01,-2.09E+07,,1.710000038,0.021822371
1.91E-08,-7.72E+00,-6.72E-06,-1.92E-08,-4.00E-01,-4.00E-01,-2.10E+07,,1.705000043,0.021412721
1.95E-08,-7.71E+00,-8.22E-06,-1.96E-08,-4.10E-01,-4.10E-01,-2.10E+07,,1.700000048,0.020976134
1.99E-08,-7.70E+00,-6.97E-06,-2.00E-08,-4.20E-01,-4.20E-01,-2.11E+07,,1.695000052,0.020511201
2.03E-08,-7.69E+00,-6.80E-06,-2.05E-08,-4.30E-01,-4.30E-01,-2.11E+07,,1.690000057,0.020004552
2.08E-08,-7.68E+00,-6.63E-06,-2.09E-08,-4.40E-01,-4.40E-01,-2.12E+07,,1.684999943,0.01944891
2.12E-08,-7.67E+00,-6.38E-06,-2.13E-08,-4.50E-01,-4.50E-01,-2.12E+07,,1.679999948,0.018812962
2.16E-08,-7.67E+00,-6.38E-06,-2.18E-08,-4.60E-01,-4.60E-01,-2.13E+07,,1.674999952,0.01805472
2.21E-08,-7.66E+00,-6.22E-06,-2.22E-08,-4.70E-01,-4.70E-01,-2.13E+07,,1.669999957,0.017000746
2.25E-08,-7.65E+00,-6.55E-06,-2.26E-08,-4.80E-01,-4.80E-01,-2.13E+07,,1.664999962,0.001087212
2.29E-08,-7.64E+00,-6.30E-06,-2.31E-08,-4.90E-01,-4.90E-01,-2.14E+07,,1.659999967,0.001071643
2.34E-08,-7.63E+00,-6.22E-06,-2.35E-08,-5.00E-01,-5.00E-01,-2.14E+07,,1.654999971,0.001056679
2.38E-08,-7.62E+00,-4.96E-06,-2.39E-08,-5.10E-01,-5.10E-01,-2.14E+07,,1.649999976,0.00104219
2.43E-08,-7.61E+00,-4.96E-06,-2.44E-08,-5.20E-01,-5.20E-01,-2.14E+07,,1.644999981,0.001028235
2.47E-08,-7.61E+00,-5.46E-06,-2.48E-08,-5.30E-01,-5.30E-01,-2.15E+07,,1.639999986,0.001014572
2.51E-08,-7.60E+00,-6.72E-06,-2.52E-08,-5.40E-01,-5.40E-01,-2.15E+07,,1.63499999,0.001001286
2.56E-08,-7.59E+00,-6.05E-06,-2.57E-08,-5.50E-01,-5.50E-01,-2.15E+07,,1.629999995,0.000988406
2.60E-08,-7.59E+00,-6.22E-06,-2.61E-08,-5.60E-01,-5.60E-01,-2.16E+07,,1.625,0.000975647
2.65E-08,-7.58E+00,-6.38E-06,-2.66E-08,-5.70E-01,-5.70E-01,-2.15E+07,,1.620000005,0.00096302
2.69E-08,-7.57E+00,-5.80E-06,-2.70E-08,-5.80E-01,-5.80E-01,-2.16E+07,,1.61500001,0.000950813
2.74E-08,-7.56E+00,-6.30E-06,-2.75E-08,-5.90E-01,-5.90E-01,-2.16E+07,,1.610000014,0.000938839
2.78E-08,-7.56E+00,-5.46E-06,-2.79E-08,-6.00E-01,-6.00E-01,-2.16E+07,,1.605000019,0.000927098
2.83E-08,-7.55E+00,-5.55E-06,-2.84E-08,-6.10E-01,-6.10E-01,-2.16E+07,,1.600000024,0.000915637
2.88E-08,-7.54E+00,-6.13E-06,-2.89E-08,-6.20E-01,-6.20E-01,-2.15E+07,,1.595000029,0.000904074
2.93E-08,-7.53E+00,-5.80E-06,-2.94E-08,-6.30E-01,-6.30E-01,-2.15E+07,,1.590000033,0.000892782
2.97E-08,-7.53E+00,-4.21E-06,-2.98E-08,-6.40E-01,-6.40E-01,-2.15E+07,,1.585000038,0.000881614
3.02E-08,-7.52E+00,-4.96E-06,-3.03E-08,-6.50E-01,-6.50E-01,-2.15E+07,,1.580000043,0.000870696
3.07E-08,-7.51E+00,-5.04E-06,-3.08E-08,-6.60E-01,-6.60E-01,-2.15E+07,,1.575000048,0.000859925
3.12E-08,-7.51E+00,-5.80E-06,-3.13E-08,-6.70E-01,-6.70E-01,-2.15E+07,,1.570000052,0.000849417
3.17E-08,-7.50E+00,-4.88E-06,-3.18E-08,-6.80E-01,-6.80E-01,-2.15E+07,,1.565000057,0.000838935
3.22E-08,-7.49E+00,-5.30E-06,-3.23E-08,-6.90E-01,-6.90E-01,-2.15E+07,,1.559999943,0.000828719
3.27E-08,-7.49E+00,-5.13E-06,-3.28E-08,-7.00E-01,-7.00E-01,-2.14E+07,,1.554999948,0.000818627
3.32E-08,-7.48E+00,-5.13E-06,-3.33E-08,-7.10E-01,-7.10E-01,-2.14E+07,,1.549999952,0.000808611
3.36E-08,-7.47E+00,-4.37E-06,-3.37E-08,-7.20E-01,-7.20E-01,-2.14E+07,,1.544999957,0.000798754
3.41E-08,-7.47E+00,-4.37E-06,-3.42E-08,-7.30E-01,-7.30E-01,-2.14E+07,,1.539999962,0.00078907
3.46E-08,-7.46E+00,-4.79E-06,-3.47E-08,-7.40E-01,-7.40E-01,-2.14E+07,,1.534999967,0.000779392
3.52E-08,-7.45E+00,-4.46E-06,-3.53E-08,-7.50E-01,-7.50E-01,-2.13E+07,,1.529999971,0.000769909
3.56E-08,-7.45E+00,-6.13E-06,-3.57E-08,-7.60E-01,-7.60E-01,-2.13E+07,,1.524999976,0.000760492
3.61E-08,-7.44E+00,-3.96E-06,-3.62E-08,-7.70E-01,-7.70E-01,-2.13E+07,,1.519999981,0.000751255
3.66E-08,-7.44E+00,-4.63E-06,-3.67E-08,-7.80E-01,-7.80E-01,-2.13E+07,,1.514999986,0.000742076
3.73E-08,-7.43E+00,-4.21E-06,-3.74E-08,-7.90E-01,-7.90E-01,-2.12E+07,,1.50999999,0.00073308
3.79E-08,-7.42E+00,-4.04E-06,-3.80E-08,-8.00E-01,-8.00E-01,-2.11E+07,,1.504999995,0.000724136
3.86E-08,-7.41E+00,-3.71E-06,-3.87E-08,-8.10E-01,-8.10E-01,-2.10E+07,,1.5,0.00071536
3.90E-08,-7.41E+00,-3.62E-06,-3.91E-08,-8.20E-01,-8.20E-01,-2.10E+07,,1.495000005,0.000706609
3.96E-08,-7.40E+00,-2.62E-06,-3.97E-08,-8.30E-01,-8.30E-01,-2.10E+07,,1.49000001,0.000698037
4.01E-08,-7.40E+00,-3.62E-06,-4.02E-08,-8.40E-01,-8.40E-01,-2.09E+07,,1.485000014,0.000689511
4.07E-08,-7.39E+00,-3.62E-06,-4.08E-08,-8.50E-01,-8.50E-01,-2.09E+07,,1.480000019,0.000681151
4.14E-08,-7.38E+00,-3.12E-06,-4.15E-08,-8.60E-01,-8.60E-01,-2.08E+07,,1.475000024,0.000672925
4.18E-08,-7.38E+00,-3.54E-06,-4.19E-08,-8.70E-01,-8.70E-01,-2.08E+07,,1.470000029,0.000664752
4.27E-08,-7.37E+00,-3.71E-06,-4.28E-08,-8.80E-01,-8.80E-01,-2.06E+07,,1.465000033,0.000656604
4.33E-08,-7.36E+00,-4.29E-06,-4.34E-08,-8.90E-01,-8.90E-01,-2.06E+07,,1.460000038,0.000648605
4.40E-08,-7.36E+00,-3.45E-06,-4.41E-08,-9.00E-01,-9.00E-01,-2.04E+07,,1.455000043,0.000640657
4.46E-08,-7.35E+00,-3.45E-06,-4.47E-08,-9.10E-01,-9.10E-01,-2.04E+07,,1.450000048,0.000632837
4.52E-08,-7.34E+00,-3.62E-06,-4.53E-08,-9.20E-01,-9.20E-01,-2.03E+07,,1.445000052,0.000625058
4.58E-08,-7.34E+00,-1.95E-06,-4.59E-08,-9.30E-01,-9.30E-01,-2.03E+07,,1.440000057,0.000617415
4.66E-08,-7.33E+00,-2.95E-06,-4.67E-08,-9.40E-01,-9.40E-01,-2.02E+07,,1.434999943,0.000609795
4.73E-08,-7.33E+00,-3.71E-06,-4.74E-08,-9.50E-01,-9.50E-01,-2.01E+07,,1.429999948,0.000602319
4.79E-08,-7.32E+00,-2.79E-06,-4.80E-08,-9.60E-01,-9.60E-01,-2.00E+07,,1.424999952,0.000594871
4.85E-08,-7.31E+00,-2.87E-06,-4.85E-08,-9.70E-01,-9.70E-01,-2.00E+07,,1.419999957,0.000587541
4.91E-08,-7.31E+00,-3.96E-06,-4.92E-08,-9.80E-01,-9.80E-01,-2.00E+07,,1.414999962,0.000580353
4.93E-08,-7.31E+00,-2.95E-06,-4.92E-08,-9.90E-01,-9.90E-01,-2.01E+07,,1.409999967,0.000573205
4.99E-08,-7.30E+00,-1.86E-06,-4.98E-08,-1.00E+00,-1.00E+00,-2.01E+07,,1.404999971,0.00056604
4.97E-08,-7.30E+00,-1.14E-05,-4.96E-08,-1.01E+00,-1.01E+00,-2.03E+07,,1.399999976,0.000559001
5.07E-08,-7.29E+00,-1.11E-05,-5.05E-08,-1.02E+00,-1.02E+00,-2.01E+07,,1.394999981,0.000551984
5.15E-08,-7.29E+00,-1.11E-05,-5.14E-08,-1.03E+00,-1.03E+00,-2.00E+07,,1.389999986,0.00054509
5.23E-08,-7.28E+00,-1.14E-05,-5.22E-08,-1.04E+00,-1.04E+00,-1.99E+07,,1.38499999,0.000538266
5.31E-08,-7.27E+00,-1.08E-05,-5.30E-08,-1.05E+00,-1.05E+00,-1.98E+07,,1.379999995,0.00053146
5.39E-08,-7.27E+00,-1.13E-05,-5.37E-08,-1.06E+00,-1.06E+00,-1.97E+07,,1.375,0.000524766
5.48E-08,-7.26E+00,-1.01E-05,-5.47E-08,-1.07E+00,-1.07E+00,-1.95E+07,,1.370000005,0.000518094
5.54E-08,-7.26E+00,-1.07E-05,-5.53E-08,-1.08E+00,-1.08E+00,-1.95E+07,,1.36500001,0.000511531
5.62E-08,-7.25E+00,-1.13E-05,-5.60E-08,-1.09E+00,-1.09E+00,-1.94E+07,,1.360000014,0.000504995
5.71E-08,-7.24E+00,-1.12E-05,-5.70E-08,-1.10E+00,-1.10E+00,-1.93E+07,,1.355000019,0.000498567
5.82E-08,-7.24E+00,-9.81E-06,-5.80E-08,-1.11E+00,-1.11E+00,-1.91E+07,,1.350000024,0.000492158
5.88E-08,-7.23E+00,-1.13E-05,-5.87E-08,-1.12E+00,-1.12E+00,-1.90E+07,,1.345000029,0.000485846
5.97E-08,-7.22E+00,-1.12E-05,-5.95E-08,-1.13E+00,-1.13E+00,-1.89E+07,,1.340000033,0.000479564
6.03E-08,-7.22E+00,-1.04E-05,-6.01E-08,-1.14E+00,-1.14E+00,-1.89E+07,,1.335000038,0.000473388
6.10E-08,-7.21E+00,-1.02E-05,-6.09E-08,-1.15E+00,-1.15E+00,-1.88E+07,,1.330000043,0.000467218
6.18E-08,-7.21E+00,-1.13E-05,-6.17E-08,-1.16E+00,-1.16E+00,-1.88E+07,,1.325000048,0.000461187
6.28E-08,-7.20E+00,-1.11E-05,-6.27E-08,-1.17E+00,-1.17E+00,-1.86E+07,,1.320000052,0.000455169
6.38E-08,-7.20E+00,-1.09E-05,-6.37E-08,-1.18E+00,-1.18E+00,-1.85E+07,,1.315000057,0.000449204
6.52E-08,-7.19E+00,-1.09E-05,-6.51E-08,-1.19E+00,-1.19E+00,-1.82E+07,,1.309999943,0.000443246
6.59E-08,-7.18E+00,-1.05E-05,-6.57E-08,-1.20E+00,-1.20E+00,-1.82E+07,,1.304999948,0.000437383
6.68E-08,-7.18E+00,-1.03E-05,-6.66E-08,-1.21E+00,-1.21E+00,-1.81E+07,,1.299999952,0.000431539
6.75E-08,-7.17E+00,-1.16E-05,-6.74E-08,-1.22E+00,-1.22E+00,-1.81E+07,,,
6.85E-08,-7.16E+00,-1.05E-05,-6.84E-08,-1.23E+00,-1.23E+00,-1.80E+07,,,
6.95E-08,-7.16E+00,-1.06E-05,-6.94E-08,-1.24E+00,-1.24E+00,-1.78E+07,,,
7.06E-08,-7.15E+00,-1.16E-05,-7.05E-08,-1.25E+00,-1.25E+00,-1.77E+07,,,
7.16E-08,-7.15E+00,-1.05E-05,-7.15E-08,-1.26E+00,-1.26E+00,-1.76E+07,,,
7.27E-08,-7.14E+00,-1.19E-05,-7.25E-08,-1.27E+00,-1.27E+00,-1.75E+07,,,
7.43E-08,-7.13E+00,-1.06E-05,-7.42E-08,-1.28E+00,-1.28E+00,-1.72E+07,,,
7.53E-08,-7.12E+00,-1.04E-05,-7.52E-08,-1.29E+00,-1.29E+00,-1.71E+07,,,
7.64E-08,-7.12E+00,-1.05E-05,-7.63E-08,-1.30E+00,-1.30E+00,-1.70E+07,,,
7.72E-08,-7.11E+00,-1.03E-05,-7.70E-08,-1.31E+00,-1.31E+00,-1.70E+07,,,
7.85E-08,-7.11E+00,-9.65E-06,-7.84E-08,-1.32E+00,-1.32E+00,-1.68E+07,,,
7.97E-08,-7.10E+00,-1.07E-05,-7.96E-08,-1.33E+00,-1.33E+00,-1.67E+07,,,
8.06E-08,-7.09E+00,-1.01E-05,-8.05E-08,-1.34E+00,-1.34E+00,-1.66E+07,,,
8.17E-08,-7.09E+00,-1.07E-05,-8.16E-08,-1.35E+00,-1.35E+00,-1.65E+07,,,
8.30E-08,-7.08E+00,-9.98E-06,-8.29E-08,-1.36E+00,-1.36E+00,-1.64E+07,,,
8.41E-08,-7.08E+00,-9.31E-06,-8.40E-08,-1.37E+00,-1.37E+00,-1.63E+07,,,
8.46E-08,-7.07E+00,-1.01E-05,-8.44E-08,-1.38E+00,-1.38E+00,-1.63E+07,,,
8.57E-08,-7.07E+00,-1.04E-05,-8.56E-08,-1.39E+00,-1.39E+00,-1.62E+07,,,
8.73E-08,-7.06E+00,-1.09E-05,-8.72E-08,-1.40E+00,-1.40E+00,-1.60E+07,,,
8.90E-08,-7.05E+00,-1.10E-05,-8.89E-08,-1.41E+00,-1.41E+00,-1.58E+07,,,
9.04E-08,-7.04E+00,-9.81E-06,-9.03E-08,-1.42E+00,-1.42E+00,-1.57E+07,,,
9.12E-08,-7.04E+00,-1.02E-05,-9.11E-08,-1.43E+00,-1.43E+00,-1.57E+07,,,
9.26E-08,-7.03E+00,-1.02E-05,-9.24E-08,-1.44E+00,-1.44E+00,-1.56E+07,,,
9.41E-08,-7.03E+00,-1.04E-05,-9.40E-08,-1.45E+00,-1.45E+00,-1.54E+07,,,
9.52E-08,-7.02E+00,-9.81E-06,-9.51E-08,-1.46E+00,-1.46E+00,-1.53E+07,,,
9.66E-08,-7.02E+00,-9.90E-06,-9.65E-08,-1.47E+00,-1.47E+00,-1.52E+07,,,
9.82E-08,-7.01E+00,-1.02E-05,-9.81E-08,-1.48E+00,-1.48E+00,-1.51E+07,,,
9.94E-08,-7.00E+00,-9.65E-06,-9.93E-08,-1.49E+00,-1.49E+00,-1.50E+07,,,
1.01E-07,-7.00E+00,-1.01E-05,-1.00E-07,-1.50E+00,-1.50E+00,-1.49E+07,,,
1.02E-07,-6.99E+00,-9.73E-06,-1.02E-07,-1.51E+00,-1.51E+00,-1.48E+07,,,
1.03E-07,-6.99E+00,-9.65E-06,-1.03E-07,-1.52E+00,-1.52E+00,-1.47E+07,,,
1.05E-07,-6.98E+00,-9.39E-06,-1.05E-07,-1.53E+00,-1.53E+00,-1.46E+07,,,
1.07E-07,-6.97E+00,-9.56E-06,-1.06E-07,-1.54E+00,-1.54E+00,-1.44E+07,,,
1.08E-07,-6.97E+00,-1.06E-05,-1.08E-07,-1.55E+00,-1.55E+00,-1.44E+07,,,
1.10E-07,-6.96E+00,-9.48E-06,-1.10E-07,-1.56E+00,-1.56E+00,-1.42E+07,,,
1.11E-07,-6.95E+00,-9.39E-06,-1.11E-07,-1.57E+00,-1.57E+00,-1.42E+07,,,
1.12E-07,-6.95E+00,-9.56E-06,-1.12E-07,-1.58E+00,-1.58E+00,-1.41E+07,,,
1.14E-07,-6.94E+00,-9.65E-06,-1.14E-07,-1.59E+00,-1.59E+00,-1.39E+07,,,
1.16E-07,-6.94E+00,-9.81E-06,-1.16E-07,-1.60E+00,-1.60E+00,-1.38E+07,,,
1.17E-07,-6.93E+00,-8.56E-06,-1.17E-07,-1.61E+00,-1.61E+00,-1.37E+07,,,
1.19E-07,-6.92E+00,-8.89E-06,-1.19E-07,-1.62E+00,-1.62E+00,-1.36E+07,,,
1.21E-07,-6.92E+00,-8.89E-06,-1.21E-07,-1.63E+00,-1.63E+00,-1.35E+07,,,
1.24E-07,-6.91E+00,-8.98E-06,-1.23E-07,-1.64E+00,-1.64E+00,-1.33E+07,,,
1.26E-07,-6.90E+00,-9.73E-06,-1.25E-07,-1.65E+00,-1.65E+00,-1.31E+07,,,
1.27E-07,-6.90E+00,-9.23E-06,-1.27E-07,-1.66E+00,-1.66E+00,-1.30E+07,,,
1.30E-07,-6.89E+00,-9.06E-06,-1.29E-07,-1.67E+00,-1.67E+00,-1.29E+07,,,
1.31E-07,-6.88E+00,-8.56E-06,-1.31E-07,-1.68E+00,-1.68E+00,-1.28E+07,,,
1.32E-07,-6.88E+00,-9.14E-06,-1.32E-07,-1.69E+00,-1.69E+00,-1.28E+07,,,
1.35E-07,-6.87E+00,-9.23E-06,-1.34E-07,-1.70E+00,-1.70E+00,-1.26E+07,,,
1.37E-07,-6.86E+00,-8.64E-06,-1.36E-07,-1.71E+00,-1.71E+00,-1.25E+07,,,
1.39E-07,-6.86E+00,-8.98E-06,-1.39E-07,-1.72E+00,-1.72E+00,-1.24E+07,,,
1.41E-07,-6.85E+00,-8.39E-06,-1.41E-07,-1.73E+00,-1.73E+00,-1.23E+07,,,
1.43E-07,-6.84E+00,-9.23E-06,-1.42E-07,-1.74E+00,-1.74E+00,-1.22E+07,,,
1.45E-07,-6.84E+00,-8.89E-06,-1.45E-07,-1.75E+00,-1.75E+00,-1.21E+07,,,
1.47E-07,-6.83E+00,-8.73E-06,-1.47E-07,-1.76E+00,-1.76E+00,-1.19E+07,,,
1.50E-07,-6.82E+00,-9.31E-06,-1.50E-07,-1.77E+00,-1.77E+00,-1.18E+07,,,
1.52E-07,-6.82E+00,-8.89E-06,-1.52E-07,-1.78E+00,-1.78E+00,-1.17E+07,,,
1.55E-07,-6.81E+00,-8.98E-06,-1.55E-07,-1.79E+00,-1.79E+00,-1.16E+07,,,
1.57E-07,-6.80E+00,-8.64E-06,-1.57E-07,-1.80E+00,-1.80E+00,-1.14E+07,,,
1.60E-07,-6.80E+00,-7.89E-06,-1.60E-07,-1.81E+00,-1.81E+00,-1.13E+07,,,
1.63E-07,-6.79E+00,-8.47E-06,-1.63E-07,-1.82E+00,-1.82E+00,-1.12E+07,,,
1.65E-07,-6.78E+00,-8.39E-06,-1.65E-07,-1.83E+00,-1.83E+00,-1.11E+07,,,
1.68E-07,-6.77E+00,-8.64E-06,-1.68E-07,-1.84E+00,-1.84E+00,-1.10E+07,,,
1.71E-07,-6.77E+00,-8.47E-06,-1.71E-07,-1.85E+00,-1.85E+00,-1.08E+07,,,
1.75E-07,-6.76E+00,-6.97E-06,-1.74E-07,-1.86E+00,-1.86E+00,-1.07E+07,,,
1.77E-07,-6.75E+00,-7.47E-06,-1.77E-07,-1.87E+00,-1.87E+00,-1.06E+07,,,
1.81E-07,-6.74E+00,-8.14E-06,-1.81E-07,-1.88E+00,-1.88E+00,-1.04E+07,,,
1.84E-07,-6.74E+00,-7.39E-06,-1.84E-07,-1.89E+00,-1.89E+00,-1.03E+07,,,
1.88E-07,-6.73E+00,-8.06E-06,-1.87E-07,-1.90E+00,-1.90E+00,-1.01E+07,,,
1.91E-07,-6.72E+00,-7.97E-06,-1.91E-07,-1.91E+00,-1.91E+00,-9.98E+06,,,
1.95E-07,-6.71E+00,-8.22E-06,-1.94E-07,-1.92E+00,-1.92E+00,-9.87E+06,,,
1.98E-07,-6.70E+00,-7.22E-06,-1.98E-07,-1.93E+00,-1.93E+00,-9.74E+06,,,
2.02E-07,-6.69E+00,-7.89E-06,-2.02E-07,-1.94E+00,-1.94E+00,-9.62E+06,,,
2.05E-07,-6.69E+00,-7.89E-06,-2.05E-07,-1.95E+00,-1.95E+00,-9.51E+06,,,
2.09E-07,-6.68E+00,-7.47E-06,-2.09E-07,-1.96E+00,-1.96E+00,-9.39E+06,,,
2.13E-07,-6.67E+00,-7.72E-06,-2.13E-07,-1.97E+00,-1.97E+00,-9.26E+06,,,
2.17E-07,-6.66E+00,-8.89E-06,-2.17E-07,-1.98E+00,-1.98E+00,-9.13E+06,,,
2.21E-07,-6.66E+00,-7.22E-06,-2.21E-07,-1.99E+00,-1.99E+00,-9.00E+06,,,
2.26E-07,-6.65E+00,-6.88E-06,-2.26E-07,-2.00E+00,-2.00E+00,-8.86E+06,,,
2.20E-07,-6.66E+00,-7.30E-06,-2.20E-07,-1.99E+00,-1.99E+00,-9.03E+06,,,
2.16E-07,-6.67E+00,-7.30E-06,-2.16E-07,-1.98E+00,-1.98E+00,-9.16E+06,,,
2.12E-07,-6.67E+00,-6.72E-06,-2.12E-07,-1.97E+00,-1.97E+00,-9.30E+06,,,
2.07E-07,-6.68E+00,-8.31E-06,-2.07E-07,-1.96E+00,-1.96E+00,-9.47E+06,,,
2.03E-07,-6.69E+00,-7.30E-06,-2.02E-07,-1.95E+00,-1.95E+00,-9.63E+06,,,
1.98E-07,-6.70E+00,-6.80E-06,-1.98E-07,-1.94E+00,-1.94E+00,-9.82E+06,,,
1.93E-07,-6.71E+00,-8.64E-06,-1.93E-07,-1.93E+00,-1.93E+00,-9.99E+06,,,
1.90E-07,-6.72E+00,-8.06E-06,-1.89E-07,-1.92E+00,-1.92E+00,-1.01E+07,,,
1.85E-07,-6.73E+00,-8.22E-06,-1.85E-07,-1.91E+00,-1.91E+00,-1.03E+07,,,
1.81E-07,-6.74E+00,-8.89E-06,-1.81E-07,-1.90E+00,-1.90E+00,-1.05E+07,,,
1.78E-07,-6.75E+00,-7.97E-06,-1.78E-07,-1.89E+00,-1.89E+00,-1.06E+07,,,
1.74E-07,-6.76E+00,-8.06E-06,-1.74E-07,-1.88E+00,-1.88E+00,-1.08E+07,,,
1.71E-07,-6.77E+00,-8.47E-06,-1.71E-07,-1.87E+00,-1.87E+00,-1.10E+07,,,
1.67E-07,-6.78E+00,-9.48E-06,-1.67E-07,-1.86E+00,-1.86E+00,-1.12E+07,,,
1.64E-07,-6.79E+00,-8.22E-06,-1.64E-07,-1.85E+00,-1.85E+00,-1.13E+07,,,
1.60E-07,-6.80E+00,-8.56E-06,-1.60E-07,-1.84E+00,-1.84E+00,-1.15E+07,,,
1.57E-07,-6.80E+00,-9.23E-06,-1.57E-07,-1.83E+00,-1.83E+00,-1.17E+07,,,
1.54E-07,-6.81E+00,-9.31E-06,-1.54E-07,-1.82E+00,-1.82E+00,-1.18E+07,,,
1.51E-07,-6.82E+00,-9.81E-06,-1.51E-07,-1.81E+00,-1.81E+00,-1.20E+07,,,
1.48E-07,-6.83E+00,-9.39E-06,-1.48E-07,-1.80E+00,-1.80E+00,-1.21E+07,,,
1.45E-07,-6.84E+00,-1.01E-05,-1.45E-07,-1.79E+00,-1.79E+00,-1.23E+07,,,
1.43E-07,-6.84E+00,-9.39E-06,-1.43E-07,-1.78E+00,-1.78E+00,-1.25E+07,,,
1.40E-07,-6.85E+00,-9.48E-06,-1.40E-07,-1.77E+00,-1.77E+00,-1.27E+07,,,
1.37E-07,-6.86E+00,-1.03E-05,-1.37E-07,-1.76E+00,-1.76E+00,-1.28E+07,,,
1.35E-07,-6.87E+00,-9.48E-06,-1.35E-07,-1.75E+00,-1.75E+00,-1.30E+07,,,
1.33E-07,-6.88E+00,-9.23E-06,-1.33E-07,-1.74E+00,-1.74E+00,-1.31E+07,,,
1.30E-07,-6.89E+00,-9.39E-06,-1.30E-07,-1.73E+00,-1.73E+00,-1.33E+07,,,
1.28E-07,-6.89E+00,-9.73E-06,-1.28E-07,-1.72E+00,-1.72E+00,-1.35E+07,,,
1.25E-07,-6.90E+00,-9.48E-06,-1.25E-07,-1.71E+00,-1.71E+00,-1.37E+07,,,
1.23E-07,-6.91E+00,-1.01E-05,-1.23E-07,-1.70E+00,-1.70E+00,-1.38E+07,,,
1.21E-07,-6.92E+00,-1.01E-05,-1.21E-07,-1.69E+00,-1.69E+00,-1.40E+07,,,
1.19E-07,-6.92E+00,-9.65E-06,-1.19E-07,-1.68E+00,-1.68E+00,-1.42E+07,,,
1.17E-07,-6.93E+00,-9.39E-06,-1.16E-07,-1.67E+00,-1.67E+00,-1.43E+07,,,
1.14E-07,-6.94E+00,-9.31E-06,-1.14E-07,-1.66E+00,-1.66E+00,-1.45E+07,,,
1.12E-07,-6.95E+00,-1.06E-05,-1.12E-07,-1.65E+00,-1.65E+00,-1.47E+07,,,
1.10E-07,-6.96E+00,-1.04E-05,-1.10E-07,-1.64E+00,-1.64E+00,-1.49E+07,,,
1.08E-07,-6.97E+00,-1.06E-05,-1.08E-07,-1.63E+00,-1.63E+00,-1.51E+07,,,
1.07E-07,-6.97E+00,-1.09E-05,-1.06E-07,-1.62E+00,-1.62E+00,-1.52E+07,,,
1.05E-07,-6.98E+00,-1.03E-05,-1.05E-07,-1.61E+00,-1.61E+00,-1.54E+07,,,
1.03E-07,-6.99E+00,-1.06E-05,-1.03E-07,-1.60E+00,-1.60E+00,-1.56E+07,,,
1.01E-07,-7.00E+00,-1.05E-05,-1.01E-07,-1.59E+00,-1.59E+00,-1.58E+07,,,
9.90E-08,-7.00E+00,-1.06E-05,-9.89E-08,-1.58E+00,-1.58E+00,-1.60E+07,,,
9.74E-08,-7.01E+00,-9.73E-06,-9.73E-08,-1.57E+00,-1.57E+00,-1.61E+07,,,
9.58E-08,-7.02E+00,-1.08E-05,-9.57E-08,-1.56E+00,-1.56E+00,-1.63E+07,,,
9.43E-08,-7.03E+00,-1.03E-05,-9.42E-08,-1.55E+00,-1.55E+00,-1.64E+07,,,
9.26E-08,-7.03E+00,-1.06E-05,-9.26E-08,-1.54E+00,-1.54E+00,-1.66E+07,,,
9.09E-08,-7.04E+00,-1.01E-05,-9.08E-08,-1.53E+00,-1.53E+00,-1.68E+07,,,
8.96E-08,-7.05E+00,-1.01E-05,-8.95E-08,-1.52E+00,-1.52E+00,-1.70E+07,,,
8.81E-08,-7.06E+00,-1.04E-05,-8.81E-08,-1.51E+00,-1.51E+00,-1.71E+07,,,
8.65E-08,-7.06E+00,-1.01E-05,-8.65E-08,-1.50E+00,-1.50E+00,-1.73E+07,,,
8.53E-08,-7.07E+00,-1.05E-05,-8.52E-08,-1.49E+00,-1.49E+00,-1.75E+07,,,
8.38E-08,-7.08E+00,-1.12E-05,-8.37E-08,-1.48E+00,-1.48E+00,-1.77E+07,,,
8.23E-08,-7.08E+00,-1.02E-05,-8.22E-08,-1.47E+00,-1.47E+00,-1.79E+07,,,
8.06E-08,-7.09E+00,-1.16E-05,-8.05E-08,-1.46E+00,-1.46E+00,-1.81E+07,,,
7.95E-08,-7.10E+00,-1.21E-05,-7.94E-08,-1.45E+00,-1.45E+00,-1.82E+07,,,
7.81E-08,-7.11E+00,-1.12E-05,-7.81E-08,-1.44E+00,-1.44E+00,-1.84E+07,,,
7.67E-08,-7.12E+00,-1.02E-05,-7.66E-08,-1.43E+00,-1.43E+00,-1.86E+07,,,
7.56E-08,-7.12E+00,-1.17E-05,-7.56E-08,-1.42E+00,-1.42E+00,-1.88E+07,,,
7.44E-08,-7.13E+00,-1.09E-05,-7.44E-08,-1.41E+00,-1.41E+00,-1.89E+07,,,
7.31E-08,-7.14E+00,-1.08E-05,-7.31E-08,-1.40E+00,-1.40E+00,-1.91E+07,,,
7.18E-08,-7.14E+00,-9.98E-06,-7.17E-08,-1.39E+00,-1.39E+00,-1.94E+07,,,
7.03E-08,-7.15E+00,-1.08E-05,-7.03E-08,-1.38E+00,-1.38E+00,-1.96E+07,,,
6.92E-08,-7.16E+00,-1.06E-05,-6.92E-08,-1.37E+00,-1.37E+00,-1.98E+07,,,
6.81E-08,-7.17E+00,-1.07E-05,-6.81E-08,-1.36E+00,-1.36E+00,-2.00E+07,,,
6.71E-08,-7.17E+00,-1.10E-05,-6.70E-08,-1.35E+00,-1.35E+00,-2.01E+07,,,
6.59E-08,-7.18E+00,-1.06E-05,-6.58E-08,-1.34E+00,-1.34E+00,-2.03E+07,,,
6.50E-08,-7.19E+00,-1.16E-05,-6.49E-08,-1.33E+00,-1.33E+00,-2.05E+07,,,
6.40E-08,-7.19E+00,-1.06E-05,-6.39E-08,-1.32E+00,-1.32E+00,-2.06E+07,,,
6.31E-08,-7.20E+00,-1.19E-05,-6.30E-08,-1.31E+00,-1.31E+00,-2.08E+07,,,
6.21E-08,-7.21E+00,-1.23E-05,-6.21E-08,-1.30E+00,-1.30E+00,-2.09E+07,,,
6.13E-08,-7.21E+00,-1.09E-05,-6.12E-08,-1.29E+00,-1.29E+00,-2.10E+07,,,
6.03E-08,-7.22E+00,-1.05E-05,-6.03E-08,-1.28E+00,-1.28E+00,-2.12E+07,,,
5.94E-08,-7.23E+00,-1.12E-05,-5.94E-08,-1.27E+00,-1.27E+00,-2.14E+07,,,
5.86E-08,-7.23E+00,-1.12E-05,-5.85E-08,-1.26E+00,-1.26E+00,-2.15E+07,,,
5.76E-08,-7.24E+00,-1.17E-05,-5.76E-08,-1.25E+00,-1.25E+00,-2.17E+07,,,
5.68E-08,-7.25E+00,-1.06E-05,-5.68E-08,-1.24E+00,-1.24E+00,-2.18E+07,,,
5.58E-08,-7.25E+00,-1.06E-05,-5.58E-08,-1.23E+00,-1.23E+00,-2.20E+07,,,
5.50E-08,-7.26E+00,-1.12E-05,-5.50E-08,-1.22E+00,-1.22E+00,-2.22E+07,,,
5.41E-08,-7.27E+00,-1.17E-05,-5.41E-08,-1.21E+00,-1.21E+00,-2.24E+07,,,
5.33E-08,-7.27E+00,-1.01E-05,-5.33E-08,-1.20E+00,-1.20E+00,-2.25E+07,,,
5.24E-08,-7.28E+00,-1.14E-05,-5.24E-08,-1.19E+00,-1.19E+00,-2.27E+07,,,
5.16E-08,-7.29E+00,-1.16E-05,-5.15E-08,-1.18E+00,-1.18E+00,-2.29E+07,,,
5.07E-08,-7.29E+00,-1.22E-05,-5.07E-08,-1.17E+00,-1.17E+00,-2.31E+07,,,
5.00E-08,-7.30E+00,-1.22E-05,-4.99E-08,-1.16E+00,-1.16E+00,-2.32E+07,,,
4.92E-08,-7.31E+00,-1.17E-05,-4.92E-08,-1.15E+00,-1.15E+00,-2.34E+07,,,
4.86E-08,-7.31E+00,-1.17E-05,-4.86E-08,-1.14E+00,-1.14E+00,-2.35E+07,,,
4.79E-08,-7.32E+00,-1.17E-05,-4.79E-08,-1.13E+00,-1.13E+00,-2.36E+07,,,
4.71E-08,-7.33E+00,-1.20E-05,-4.71E-08,-1.12E+00,-1.12E+00,-2.38E+07,,,
4.64E-08,-7.33E+00,-1.19E-05,-4.64E-08,-1.11E+00,-1.11E+00,-2.39E+07,,,
4.57E-08,-7.34E+00,-1.07E-05,-4.57E-08,-1.10E+00,-1.10E+00,-2.41E+07,,,
4.50E-08,-7.35E+00,-1.14E-05,-4.50E-08,-1.09E+00,-1.09E+00,-2.42E+07,,,
4.44E-08,-7.35E+00,-1.13E-05,-4.44E-08,-1.08E+00,-1.08E+00,-2.43E+07,,,
4.37E-08,-7.36E+00,-1.11E-05,-4.37E-08,-1.07E+00,-1.07E+00,-2.45E+07,,,
4.31E-08,-7.37E+00,-1.13E-05,-4.30E-08,-1.06E+00,-1.06E+00,-2.46E+07,,,
4.24E-08,-7.37E+00,-1.17E-05,-4.23E-08,-1.05E+00,-1.05E+00,-2.48E+07,,,
4.17E-08,-7.38E+00,-1.16E-05,-4.17E-08,-1.04E+00,-1.04E+00,-2.49E+07,,,
4.10E-08,-7.39E+00,-1.15E-05,-4.09E-08,-1.03E+00,-1.03E+00,-2.51E+07,,,
4.05E-08,-7.39E+00,-1.17E-05,-4.05E-08,-1.02E+00,-1.02E+00,-2.52E+07,,,
4.09E-08,-7.39E+00,-1.10E-05,-4.08E-08,-1.01E+00,-1.01E+00,-2.47E+07,,,
4.00E-08,-7.40E+00,-1.06E-05,-3.99E-08,-1.00E+00,-1.00E+00,-2.50E+07,,,
4.00E-08,-7.40E+00,-3.87E-06,-4.00E-08,-9.90E-01,-9.90E-01,-2.48E+07,,,
3.92E-08,-7.41E+00,-4.21E-06,-3.91E-08,-9.80E-01,-9.80E-01,-2.50E+07,,,
3.84E-08,-7.42E+00,-5.38E-06,-3.83E-08,-9.70E-01,-9.70E-01,-2.52E+07,,,
3.78E-08,-7.42E+00,-4.88E-06,-3.77E-08,-9.60E-01,-9.60E-01,-2.54E+07,,,
3.72E-08,-7.43E+00,-4.88E-06,-3.71E-08,-9.50E-01,-9.50E-01,-2.56E+07,,,
3.66E-08,-7.44E+00,-4.04E-06,-3.64E-08,-9.40E-01,-9.40E-01,-2.57E+07,,,
3.59E-08,-7.44E+00,-5.80E-06,-3.58E-08,-9.30E-01,-9.30E-01,-2.59E+07,,,
3.54E-08,-7.45E+00,-5.96E-06,-3.53E-08,-9.20E-01,-9.20E-01,-2.60E+07,,,
3.49E-08,-7.46E+00,-5.38E-06,-3.48E-08,-9.10E-01,-9.10E-01,-2.61E+07,,,
3.44E-08,-7.46E+00,-4.96E-06,-3.43E-08,-9.00E-01,-9.00E-01,-2.62E+07,,,
3.38E-08,-7.47E+00,-5.04E-06,-3.37E-08,-8.90E-01,-8.90E-01,-2.63E+07,,,
3.33E-08,-7.48E+00,-5.13E-06,-3.32E-08,-8.80E-01,-8.80E-01,-2.64E+07,,,
3.27E-08,-7.49E+00,-5.38E-06,-3.26E-08,-8.70E-01,-8.70E-01,-2.66E+07,,,
3.22E-08,-7.49E+00,-5.80E-06,-3.21E-08,-8.60E-01,-8.60E-01,-2.67E+07,,,
3.16E-08,-7.50E+00,-6.30E-06,-3.15E-08,-8.50E-01,-8.50E-01,-2.69E+07,,,
3.11E-08,-7.51E+00,-5.38E-06,-3.10E-08,-8.40E-01,-8.40E-01,-2.70E+07,,,
3.06E-08,-7.51E+00,-6.47E-06,-3.05E-08,-8.30E-01,-8.30E-01,-2.71E+07,,,
3.01E-08,-7.52E+00,-6.47E-06,-3.00E-08,-8.20E-01,-8.20E-01,-2.72E+07,,,
2.95E-08,-7.53E+00,-6.88E-06,-2.94E-08,-8.10E-01,-8.10E-01,-2.74E+07,,,
2.90E-08,-7.54E+00,-7.30E-06,-2.89E-08,-8.00E-01,-8.00E-01,-2.76E+07,,,
2.85E-08,-7.55E+00,-6.72E-06,-2.84E-08,-7.90E-01,-7.90E-01,-2.77E+07,,,
2.81E-08,-7.55E+00,-6.80E-06,-2.80E-08,-7.80E-01,-7.80E-01,-2.77E+07,,,
2.76E-08,-7.56E+00,-6.88E-06,-2.75E-08,-7.70E-01,-7.70E-01,-2.79E+07,,,
2.71E-08,-7.57E+00,-6.88E-06,-2.70E-08,-7.60E-01,-7.60E-01,-2.80E+07,,,
2.66E-08,-7.58E+00,-7.05E-06,-2.65E-08,-7.50E-01,-7.50E-01,-2.82E+07,,,
2.62E-08,-7.58E+00,-7.14E-06,-2.61E-08,-7.40E-01,-7.40E-01,-2.83E+07,,,
2.57E-08,-7.59E+00,-6.80E-06,-2.56E-08,-7.30E-01,-7.30E-01,-2.84E+07,,,
2.53E-08,-7.60E+00,-7.05E-06,-2.51E-08,-7.20E-01,-7.20E-01,-2.85E+07,,,
2.48E-08,-7.61E+00,-6.97E-06,-2.47E-08,-7.10E-01,-7.10E-01,-2.87E+07,,,
2.44E-08,-7.61E+00,-8.31E-06,-2.42E-08,-7.00E-01,-7.00E-01,-2.87E+07,,,
2.39E-08,-7.62E+00,-7.72E-06,-2.38E-08,-6.90E-01,-6.90E-01,-2.89E+07,,,
2.34E-08,-7.63E+00,-8.06E-06,-2.33E-08,-6.80E-01,-6.80E-01,-2.90E+07,,,
2.30E-08,-7.64E+00,-7.47E-06,-2.28E-08,-6.70E-01,-6.70E-01,-2.92E+07,,,
2.25E-08,-7.65E+00,-7.64E-06,-2.24E-08,-6.60E-01,-6.60E-01,-2.93E+07,,,
2.21E-08,-7.66E+00,-8.14E-06,-2.20E-08,-6.50E-01,-6.50E-01,-2.94E+07,,,
2.17E-08,-7.66E+00,-8.31E-06,-2.15E-08,-6.40E-01,-6.40E-01,-2.96E+07,,,
2.13E-08,-7.67E+00,-8.89E-06,-2.11E-08,-6.30E-01,-6.30E-01,-2.96E+07,,,
2.09E-08,-7.68E+00,-8.39E-06,-2.07E-08,-6.20E-01,-6.20E-01,-2.97E+07,,,
2.04E-08,-7.69E+00,-8.47E-06,-2.03E-08,-6.10E-01,-6.10E-01,-2.99E+07,,,
2.00E-08,-7.70E+00,-8.89E-06,-1.99E-08,-6.00E-01,-6.00E-01,-3.00E+07,,,
1.95E-08,-7.71E+00,-9.31E-06,-1.94E-08,-5.90E-01,-5.90E-01,-3.02E+07,,,
1.91E-08,-7.72E+00,-1.01E-05,-1.90E-08,-5.80E-01,-5.80E-01,-3.03E+07,,,
1.88E-08,-7.73E+00,-8.47E-06,-1.86E-08,-5.70E-01,-5.70E-01,-3.04E+07,,,
1.83E-08,-7.74E+00,-8.22E-06,-1.82E-08,-5.60E-01,-5.60E-01,-3.06E+07,,,
1.79E-08,-7.75E+00,-7.81E-06,-1.78E-08,-5.50E-01,-5.50E-01,-3.07E+07,,,
1.75E-08,-7.76E+00,-8.73E-06,-1.74E-08,-5.40E-01,-5.40E-01,-3.09E+07,,,
1.71E-08,-7.77E+00,-8.56E-06,-1.69E-08,-5.30E-01,-5.30E-01,-3.11E+07,,,
1.67E-08,-7.78E+00,-9.73E-06,-1.65E-08,-5.20E-01,-5.20E-01,-3.12E+07,,,
1.62E-08,-7.79E+00,-9.39E-06,-1.61E-08,-5.10E-01,-5.10E-01,-3.14E+07,,,
1.58E-08,-7.80E+00,-9.73E-06,-1.57E-08,-5.00E-01,-5.00E-01,-3.16E+07,,,
1.54E-08,-7.81E+00,-9.56E-06,-1.53E-08,-4.90E-01,-4.90E-01,-3.18E+07,,,
1.50E-08,-7.82E+00,-9.73E-06,-1.49E-08,-4.80E-01,-4.80E-01,-3.20E+07,,,
1.46E-08,-7.84E+00,-1.05E-05,-1.45E-08,-4.70E-01,-4.70E-01,-3.22E+07,,,
1.42E-08,-7.85E+00,-9.81E-06,-1.41E-08,-4.60E-01,-4.60E-01,-3.24E+07,,,
1.38E-08,-7.86E+00,-1.02E-05,-1.37E-08,-4.50E-01,-4.50E-01,-3.27E+07,,,
1.34E-08,-7.87E+00,-9.73E-06,-1.33E-08,-4.40E-01,-4.40E-01,-3.29E+07,,,
1.30E-08,-7.89E+00,-1.03E-05,-1.29E-08,-4.30E-01,-4.30E-01,-3.31E+07,,,
1.26E-08,-7.90E+00,-1.01E-05,-1.25E-08,-4.20E-01,-4.20E-01,-3.33E+07,,,
1.22E-08,-7.91E+00,-1.01E-05,-1.21E-08,-4.10E-01,-4.10E-01,-3.36E+07,,,
1.18E-08,-7.93E+00,-1.05E-05,-1.17E-08,-4.00E-01,-4.00E-01,-3.39E+07,,,
1.14E-08,-7.94E+00,-1.04E-05,-1.13E-08,-3.90E-01,-3.90E-01,-3.42E+07,,,
1.10E-08,-7.96E+00,-1.08E-05,-1.09E-08,-3.80E-01,-3.80E-01,-3.45E+07,,,
1.06E-08,-7.97E+00,-1.12E-05,-1.05E-08,-3.70E-01,-3.70E-01,-3.48E+07,,,
1.02E-08,-7.99E+00,-1.06E-05,-1.01E-08,-3.60E-01,-3.60E-01,-3.52E+07,,,
9.85E-09,-8.01E+00,-1.06E-05,-9.73E-09,-3.50E-01,-3.50E-01,-3.56E+07,,,
9.45E-09,-8.02E+00,-1.06E-05,-9.33E-09,-3.40E-01,-3.40E-01,-3.60E+07,,,
9.07E-09,-8.04E+00,-1.12E-05,-8.95E-09,-3.30E-01,-3.30E-01,-3.64E+07,,,
8.68E-09,-8.06E+00,-1.14E-05,-8.56E-09,-3.20E-01,-3.20E-01,-3.69E+07,,,
8.30E-09,-8.08E+00,-1.12E-05,-8.18E-09,-3.10E-01,-3.10E-01,-3.74E+07,,,
7.91E-09,-8.10E+00,-1.15E-05,-7.79E-09,-3.00E-01,-3.00E-01,-3.79E+07,,,
7.52E-09,-8.12E+00,-1.16E-05,-7.40E-09,-2.90E-01,-2.90E-01,-3.85E+07,,,
7.14E-09,-8.15E+00,-1.18E-05,-7.02E-09,-2.80E-01,-2.80E-01,-3.92E+07,,,
6.76E-09,-8.17E+00,-1.22E-05,-6.63E-09,-2.70E-01,-2.70E-01,-3.99E+07,,,
6.37E-09,-8.20E+00,-1.25E-05,-6.25E-09,-2.60E-01,-2.60E-01,-4.08E+07,,,
5.98E-09,-8.22E+00,-1.25E-05,-5.86E-09,-2.50E-01,-2.50E-01,-4.18E+07,,,
5.60E-09,-8.25E+00,-1.23E-05,-5.48E-09,-2.40E-01,-2.40E-01,-4.29E+07,,,
5.22E-09,-8.28E+00,-1.27E-05,-5.09E-09,-2.30E-01,-2.30E-01,-4.41E+07,,,
4.83E-09,-8.32E+00,-1.17E-05,-4.72E-09,-2.20E-01,-2.20E-01,-4.55E+07,,,
4.45E-09,-8.35E+00,-1.14E-05,-4.33E-09,-2.10E-01,-2.10E-01,-4.71E+07,,,
4.83E-09,-8.32E+00,-1.08E-05,-4.85E-09,-2.00E-01,-2.00E-01,-4.14E+07,,,
4.16E-09,-8.38E+00,-1.17E-05,-4.30E-09,-1.90E-01,-1.90E-01,-4.57E+07,,,
4.63E-09,-8.33E+00,-3.45E-06,-4.62E-09,-1.80E-01,-1.80E-01,-3.89E+07,,,
3.93E-09,-8.41E+00,-1.07E-06,-3.99E-09,-1.70E-01,-1.70E-01,-4.33E+07,,,
3.52E-09,-8.45E+00,-3.16E-06,-3.59E-09,-1.60E-01,-1.60E-01,-4.54E+07,,,
3.14E-09,-8.50E+00,-3.87E-06,-3.22E-09,-1.50E-01,-1.50E-01,-4.78E+07,,,
2.78E-09,-8.56E+00,-5.84E-06,-2.85E-09,-1.40E-01,-1.40E-01,-5.04E+07,,,
2.41E-09,-8.62E+00,-6.72E-06,-2.48E-09,-1.30E-01,-1.30E-01,-5.40E+07,,,
2.05E-09,-8.69E+00,-8.27E-06,-2.13E-09,-1.20E-01,-1.20E-01,-5.85E+07,,,
1.70E-09,-8.77E+00,-8.81E-06,-1.77E-09,-1.10E-01,-1.10E-01,-6.49E+07,,,
1.34E-09,-8.87E+00,-9.90E-06,-1.41E-09,-1.00E-01,-1.00E-01,-7.49E+07,,,
9.77E-10,-9.01E+00,-1.05E-05,-1.05E-09,-9.00E-02,-9.00E-02,-9.22E+07,,,
1.87E-09,-8.73E+00,-9.52E-06,-1.87E-09,-8.00E-02,-8.00E-02,-4.28E+07,,,
1.15E-09,-8.94E+00,-9.52E-06,-1.21E-09,-7.00E-02,-7.00E-02,-6.11E+07,,,
6.95E-10,-9.16E+00,-1.10E-05,-7.66E-10,-6.00E-02,-6.00E-02,-8.63E+07,,,
2.80E-09,-8.55E+00,-4.29E-06,-2.80E-09,-5.00E-02,-5.00E-02,-1.79E+07,,,
1.91E-09,-8.72E+00,-6.42E-06,-1.97E-09,-4.00E-02,-4.00E-02,-2.10E+07,,,
1.34E-09,-8.87E+00,-7.51E-06,-1.41E-09,-3.00E-02,-3.00E-02,-2.24E+07,,,
8.12E-10,-9.09E+00,-9.60E-06,-8.85E-10,-2.00E-02,-2.00E-02,-2.46E+07,,,
9.49E-10,-9.02E+00,-1.13E-05,-9.16E-10,-9.99E-03,-9.98E-03,-1.05E+07,,,
6.39E-10,-9.19E+00,-1.02E-05,-6.30E-10,-4.34E-05,-3.35E-05,-5.23E+04,,,
