#Procedure: <nfoinstruments.Measurements.LCRprocedures.ISProcedureConstTemp>,,,,,
#Parameters:,,,,,
#Data:,,,,,
Time,Bias,Frequency,Temperature,R,X
1719395532,0,20,nan,10919000,-3743170
1719395537,0,20.47,nan,11256000,-3720800
1719395541,0,20.94,nan,11270500,-3706460
1719395546,0,21.43,nan,11201400,-3702290
1719395551,0,21.93,nan,11116600,-3699990
1719395555,0,22.45,nan,11077600,-3686960
1719395559,0,22.97,nan,11024800,-3690240
1719395563,0,23.51,nan,10944100,-3698070
1719395567,0,24.05,nan,10874600,-3730770
1719395571,0,24.62,nan,10852100,-3726030
1719395578,0,25.19,nan,10770800,-3697600
1719395584,0,25.78,nan,10751400,-3721900
1719395590,0,26.38,nan,10699800,-3715520
1719395596,0,27,nan,10655800,-3719750
1719395601,0,27.63,nan,10616300,-3722470
1719395607,0,28.27,nan,10506900,-3715640
1719395613,0,28.93,nan,10488900,-3730410
1719395618,0,29.61,nan,10438800,-3725110
1719395623,0,30.3,nan,10390000,-3714300
1719395628,0,31,nan,10258700,-3754860
1719395633,0,31.73,nan,10206600,-3789880
1719395638,0,32.47,nan,10255300,-3752320
1719395644,0,33.23,nan,10158400,-3792160
1719395649,0,34,nan,10108300,-3770750
1719395654,0,34.79,nan,9924700,-3722530
1719395658,0,35.61,nan,9969090,-3795710
1719395663,0,36.44,nan,9949770,-3778700
1719395667,0,37.29,nan,9884440,-3787900
1719395671,0,38.16,nan,9798960,-3770370
1719395676,0,39.05,nan,9745810,-3801270
1719395680,0,39.96,nan,9757100,-3787310
1719395684,0,40.89,nan,9719540,-3801240
1719395688,0,41.85,nan,9635760,-3818210
1719395692,0,42.82,nan,9578830,-3811680
1719395696,0,43.82,nan,9523910,-3801190
1719395699,0,44.85,nan,9434560,-3842170
1719395703,0,45.89,nan,9407760,-3856540
1719395707,0,46.96,nan,9364970,-3829970
1719395710,0,48.06,nan,9306450,-3845860
1719395714,0,49.18,nan,9221590,-3741320
1719395718,0,50.33,nan,9156510,-3897480
1719395723,0,51.51,nan,9116960,-3899700
1719395727,0,52.71,nan,9078610,-3846040
1719395731,0,53.94,nan,8984780,-3866770
1719395735,0,55.2,nan,8944920,-3872770
1719395740,0,56.48,nan,8896680,-3894280
1719395744,0,57.8,nan,8842660,-3896960
1719395748,0,59.15,nan,8787440,-3888920
1719395751,0,60.53,nan,8692590,-3895020
1719395755,0,61.95,nan,8662700,-3926970
1719395759,0,63.39,nan,8585640,-3933290
1719395762,0,64.87,nan,8537760,-3912280
1719395766,0,66.39,nan,8474820,-3942280
1719395769,0,67.93,nan,8392080,-3933870
1719395773,0,69.52,nan,8358160,-3921040
1719395776,0,71.14,nan,8296010,-3914990
1719395779,0,72.8,nan,8234140,-3939980
1719395782,0,74.5,nan,8179470,-3958080
1719395786,0,76.24,nan,8111790,-3970410
1719395791,0,78.02,nan,8021800,-3976510
1719395794,0,79.84,nan,8000500,-3966830
1719395798,0,81.71,nan,7910050,-4009510
1719395802,0,83.61,nan,7870740,-3994810
1719395805,0,85.56,nan,7802660,-3990300
1719395809,0,87.56,nan,7759940,-3994660
1719395812,0,89.61,nan,7689450,-3995260
1719395815,0,91.7,nan,7635130,-4000910
1719395819,0,93.84,nan,7598760,-4029700
1719395822,0,96.03,nan,8047240,-4095360
1719395825,0,98.27,nan,7399860,-4011550
1719395828,0,100.56,nan,7375590,-4019610
1719395832,0,102.91,nan,7288790,-4037040
1719395836,0,105.31,nan,7264820,-4025700
1719395839,0,107.77,nan,7186430,-4025630
1719395842,0,110.28,nan,7112700,-4038360
1719395846,0,112.86,nan,7051220,-4020550
1719395849,0,115.49,nan,7120950,-3987790
1719395852,0,118.19,nan,6928530,-4049810
1719395855,0,120.95,nan,6862010,-4053220
1719395858,0,123.77,nan,6800470,-4042390
1719395862,0,126.66,nan,6729430,-4053020
1719395865,0,129.61,nan,6657990,-4043240
1719395868,0,132.64,nan,6593940,-4062500
1719395872,0,135.74,nan,6524790,-4068990
1719395875,0,138.9,nan,6465590,-4065660
1719395878,0,142.15,nan,6389660,-4062230
1719395881,0,145.46,nan,6333220,-4038540
1719395884,0,148.86,nan,6243460,-4041640
1719395887,0,152.33,nan,6191960,-4051400
1719395890,0,155.89,nan,6127370,-4060970
1719395893,0,159.53,nan,6054950,-4060390
1719395896,0,163.25,nan,5985630,-4049440
1719395899,0,167.06,nan,5927730,-4047260
1719395902,0,170.96,nan,5857000,-4041450
1719395905,0,174.95,nan,5784150,-4047190
1719395908,0,179.03,nan,5715990,-4036420
1719395911,0,183.21,nan,5651680,-4034830
1719395914,0,187.49,nan,5574190,-4031420
1719395917,0,191.86,nan,5507920,-4015610
1719395920,0,196.34,nan,5438580,-4020280
1719395923,0,200.93,nan,5369480,-4013680
1719395926,0,205.61,nan,5301800,-4007710
1719395929,0,210.41,nan,5229700,-4003210
1719395932,0,215.32,nan,5159440,-3988300
1719395935,0,220.35,nan,5094000,-3986960
1719395938,0,225.49,nan,5023370,-3977830
1719395941,0,230.76,nan,4951470,-3964930
1719395944,0,236.14,nan,4884560,-3954320
1719395947,0,241.65,nan,4816440,-3947070
1719395950,0,247.29,nan,4745260,-3930630
1719395953,0,253.07,nan,4679540,-3918290
1719395956,0,258.97,nan,4607530,-3907610
1719395959,0,265.02,nan,4544650,-3891320
1719395962,0,271.2,nan,4474410,-3877440
1719395965,0,277.53,nan,4403180,-3881570
1719395968,0,284.01,nan,4337350,-3846780
1719395971,0,290.64,nan,4271320,-3831040
1719395974,0,297.42,nan,4205860,-3811760
1719395977,0,304.37,nan,4136530,-3798560
1719395980,0,311.47,nan,4068470,-3776110
1719395983,0,318.74,nan,4005420,-3758030
1719395986,0,326.18,nan,3941970,-3740540
1719395989,0,333.79,nan,3872870,-3721040
1719395992,0,341.58,nan,3810790,-3694720
1719395995,0,349.55,nan,3741640,-3674410
1719395997,0,357.71,nan,3683160,-3659640
1719396000,0,366.06,nan,3616520,-3636300
1719396003,0,374.61,nan,3553450,-3610600
1719396006,0,383.35,nan,3490250,-3589670
1719396009,0,392.3,nan,3430230,-3563920
1719396012,0,401.45,nan,3367590,-3541610
1719396015,0,410.82,nan,3308230,-3516500
1719396018,0,420.41,nan,3250160,-3486750
1719396021,0,430.22,nan,3188880,-3464330
1719396024,0,440.27,nan,3128800,-3432240
1719396027,0,450.54,nan,3083950,-3391380
1719396030,0,461.06,nan,3023600,-3366800
1719396032,0,471.82,nan,2954870,-3353970
1719396035,0,482.83,nan,2901640,-3326330
1719396038,0,494.1,nan,2846050,-3296530
1719396041,0,505.63,nan,2791900,-3268900
1719396044,0,517.43,nan,2739140,-3239630
1719396047,0,529.51,nan,2688390,-3218980
1719396050,0,541.87,nan,2632440,-3179710
1719396052,0,554.52,nan,2582610,-3152540
1719396055,0,567.46,nan,2530490,-3120130
1719396058,0,580.71,nan,2480520,-3090420
1719396061,0,594.26,nan,2433200,-3060200
1719396064,0,608.13,nan,2384280,-3029320
1719396066,0,622.32,nan,2337360,-2998550
1719396069,0,636.85,nan,2289120,-2966040
1719396072,0,651.71,nan,2245490,-2932970
1719396075,0,666.92,nan,2199140,-2904160
1719396078,0,682.49,nan,2153680,-2875450
1719396080,0,698.42,nan,2110320,-2841540
1719396083,0,714.72,nan,2068540,-2812280
1719396086,0,731.4,nan,2025280,-2778870
1719396089,0,748.47,nan,1982330,-2749010
1719396091,0,765.94,nan,1943750,-2717340
1719396094,0,783.82,nan,1901670,-2684360
1719396097,0,802.11,nan,1863050,-2655930
1719396100,0,820.84,nan,1824090,-2622980
1719396102,0,839.99,nan,1786070,-2592630
1719396105,0,859.6,nan,1749230,-2562090
1719396108,0,879.66,nan,1713410,-2530080
1719396111,0,900.2,nan,1677900,-2500300
1719396113,0,921.21,nan,1642420,-2469720
1719396116,0,942.71,nan,1607320,-2440210
1719396119,0,964.71,nan,1572500,-2409330
1719396122,0,987.23,nan,1540100,-2378320
1719396124,0,1010.27,nan,1506570,-2348240
1719396127,0,1033.85,nan,1473620,-2319140
1719396130,0,1057.98,nan,1443290,-2289710
1719396133,0,1082.67,nan,1411770,-2259340
1719396135,0,1107.94,nan,1382340,-2230950
1719396138,0,1133.8,nan,1352480,-2202050
1719396141,0,1160.26,nan,1322870,-2173790
1719396144,0,1187.35,nan,1294690,-2145620
1719396147,0,1215.06,nan,1267570,-2116090
1719396149,0,1243.42,nan,1239600,-2089370
1719396152,0,1272.44,nan,1213130,-2061360
1719396155,0,1302.14,nan,1185050,-2032020
1719396157,0,1332.53,nan,1159350,-2005090
1719396160,0,1363.63,nan,1133480,-1977500
1719396163,0,1395.46,nan,1109520,-1952140
1719396166,0,1428.03,nan,1084430,-1924070
1719396168,0,1461.36,nan,1060110,-1898110
1719396171,0,1495.47,nan,1037380,-1871690
1719396174,0,1530.37,nan,1013810,-1845970
1719396177,0,1566.09,nan,990880,-1819610
1719396179,0,1602.65,nan,967886,-1793670
1719396182,0,1640.05,nan,945877,-1769010
1719396185,0,1678.33,nan,924826,-1744550
1719396187,0,1717.5,nan,903660,-1718800
1719396190,0,1757.59,nan,882579,-1693950
1719396193,0,1798.61,nan,862756,-1669750
1719396195,0,1840.59,nan,842702,-1645680
1719396198,0,1883.55,nan,823195,-1622000
1719396201,0,1927.52,nan,804053,-1598220
1719396204,0,1972.5,nan,784650,-1574630
1719396206,0,2018.54,nan,765779,-1550730
1719396209,0,2065.66,nan,748099,-1527770
1719396212,0,2113.87,nan,730099,-1505550
1719396215,0,2163.21,nan,713083,-1482840
1719396217,0,2213.7,nan,695929,-1460510
1719396220,0,2265.37,nan,679527,-1438770
1719396223,0,2318.24,nan,662771,-1416740
1719396226,0,2372.35,nan,646917,-1395050
1719396228,0,2427.72,nan,631047,-1373940
1719396231,0,2484.38,nan,615755,-1352870
1719396234,0,2542.37,nan,600773,-1332060
1719396236,0,2601.71,nan,585565,-1311040
1719396239,0,2662.43,nan,571510,-1290660
1719396242,0,2724.57,nan,557090,-1270070
1719396245,0,2788.17,nan,543464,-1250530
1719396247,0,2853.24,nan,529610,-1230850
1719396250,0,2919.84,nan,516218,-1211020
1719396253,0,2987.99,nan,503235,-1191640
1719396256,0,3057.73,nan,490429,-1172500
1719396258,0,3129.1,nan,478188,-1153630
1719396261,0,3202.13,nan,465979,-1135130
1719396264,0,3276.87,nan,454285,-1116560
1719396266,0,3353.35,nan,442665,-1098590
1719396269,0,3431.62,nan,430974,-1080130
1719396272,0,3511.71,nan,420060,-1062460
1719396274,0,3593.68,nan,409137,-1044940
1719396277,0,3677.55,nan,398341,-1027640
1719396280,0,3763.39,nan,388300,-1010410
1719396283,0,3851.23,nan,377876,-993392
1719396285,0,3941.12,nan,368059,-976829
1719396288,0,4033.1,nan,358468,-960055
1719396291,0,4127.24,nan,348911,-943705
1719396293,0,4223.57,nan,339813,-927619
1719396296,0,4322.15,nan,330746,-911832
1719396299,0,4423.02,nan,321913,-896150
1719396302,0,4526.26,nan,313314,-880639
1719396305,0,4631.9,nan,304937,-865413
1719396307,0,4740.01,nan,296903,-850400
1719396310,0,4850.65,nan,289007,-835365
1719396313,0,4963.86,nan,281025,-820822
1719396315,0,5079.72,nan,273548,-806487
1719396318,0,5198.28,nan,266177,-792247
1719396321,0,5319.61,nan,258953,-778149
1719396324,0,5443.77,nan,251980,-764219
1719396326,0,5570.83,nan,245139,-750823
1719396329,0,5700.85,nan,238550,-737303
1719396332,0,5833.91,nan,231914,-724121
1719396334,0,5970.08,nan,225628,-711103
1719396337,0,6109.42,nan,219468,-698322
1719396340,0,6252.01,nan,213482,-685610
1719396343,0,6397.94,nan,207485,-673157
1719396345,0,6547.27,nan,201902,-660888
1719396348,0,6700.08,nan,196246,-648756
1719396351,0,6856.46,nan,190906,-636923
1719396353,0,7016.49,nan,185705,-625154
1719396356,0,7180.26,nan,180496,-613679
1719396359,0,7347.85,nan,175422,-602275
1719396361,0,7519.35,nan,170604,-591227
1719396364,0,7694.85,nan,165808,-580202
1719396367,0,7874.45,nan,161223,-569355
1719396370,0,8058.24,nan,156709,-558739
1719396372,0,8246.33,nan,152321,-548295
1719396375,0,8438.8,nan,148078,-537918
1719396378,0,8635.76,nan,143937,-527805
1719396380,0,8837.32,nan,139878,-517855
1719396383,0,9043.58,nan,135970,-508053
1719396386,0,9254.66,nan,132143,-498366
1719396389,0,9470.67,nan,128437,-488882
1719396391,0,9691.72,nan,124835,-479597
1719396394,0,9917.92,nan,121266,-470378
1719396397,0,10149.41,nan,117879,-461351
1719396399,0,10386.3,nan,114511,-452401
1719396402,0,10628.72,nan,111319,-443760
1719396405,0,10876.79,nan,108108,-435109
1719396407,0,11130.66,nan,105182,-426843
1719396410,0,11390.45,nan,102176,-418565
1719396413,0,11656.31,nan,99303.9,-410325
1719396415,0,11928.37,nan,96502.2,-402405
1719396418,0,12206.78,nan,93758.8,-394542
1719396421,0,12491.69,nan,91164.6,-386969
1719396423,0,12783.25,nan,88629.1,-379439
1719396426,0,13081.61,nan,86075.4,-371997
1719396429,0,13386.94,nan,83623.1,-364553
1719396431,0,13699.39,nan,81239,-357439
1719396434,0,14019.14,nan,78947.6,-350395
1719396437,0,14346.35,nan,76681.6,-343408
1719396439,0,14681.2,nan,74530.3,-336695
1719396442,0,15023.86,nan,72431.8,-330069
1719396445,0,15374.52,nan,70374.3,-323520
1719396447,0,15733.36,nan,68391.8,-317044
1719396450,0,16100.58,nan,66437.7,-310700
1719396453,0,16476.37,nan,64528,-304416
1719396455,0,16860.94,nan,62739.4,-298396
1719396458,0,17254.47,nan,60968,-292476
1719396461,0,17657.2,nan,59215.3,-286503
1719396464,0,18069.32,nan,57562,-280764
1719396466,0,18491.06,nan,55953.5,-275125
1719396469,0,18922.65,nan,54380.1,-269587
1719396472,0,19364.31,nan,52847.9,-264155
1719396474,0,19816.27,nan,51335,-258719
1719396477,0,20278.79,nan,49913.5,-253495
1719396479,0,20752.1,nan,48529.5,-248387
1719396482,0,21236.46,nan,47156.6,-243272
1719396485,0,21732.12,nan,45851.9,-238370
1719396487,0,22239.35,nan,44572.5,-233482
1719396490,0,22758.43,nan,43327.3,-228701
1719396493,0,23289.61,nan,42121,-224033
1719396495,0,23833.2,nan,40976.5,-219475
1719396498,0,24389.47,nan,39829.9,-214937
1719396501,0,24958.72,nan,38731.6,-210523
1719396503,0,25541.27,nan,37678.2,-206207
1719396506,0,26137.4,nan,36637.3,-201920
1719396508,0,26747.46,nan,35629.2,-197768
1719396511,0,27371.75,nan,34663.6,-193707
1719396514,0,28010.61,nan,33727.5,-189693
1719396516,0,28664.38,nan,32820.1,-185790
1719396519,0,29333.42,nan,31932.2,-181930
1719396522,0,30018.07,nan,31064.9,-178121
1719396524,0,30718.69,nan,30232.1,-174425
1719396527,0,31435.67,nan,29423.1,-170776
1719396530,0,32169.39,nan,28644.5,-167242
1719396532,0,32920.23,nan,27884.7,-163760
1719396535,0,33688.6,nan,27147.1,-160331
1719396538,0,34474.89,nan,26441,-157006
1719396541,0,35279.55,nan,25744.4,-153700
1719396543,0,36102.98,nan,25079.5,-150493
1719396546,0,36945.63,nan,24421.4,-147310
1719396549,0,37807.95,nan,23795.2,-144226
1719396551,0,38690.39,nan,23188.2,-141202
1719396554,0,39593.44,nan,22598.4,-138245
1719396557,0,40517.55,nan,22020.7,-135318
1719396559,0,41463.24,nan,21470.8,-132479
1719396562,0,42431,nan,20929,-129670
1719396565,0,43421.35,nan,20410.6,-126938
1719396567,0,44434.82,nan,19906.8,-124265
1719396570,0,45471.93,nan,19413.8,-121629
1719396572,0,46533.26,nan,18942,-119056
1719396575,0,47619.35,nan,18478.9,-116526
1719396578,0,48730.8,nan,18035.1,-114060
1719396580,0,49868.19,nan,17601.9,-111632
1719396583,0,51032.12,nan,17188.4,-109266
1719396586,0,52223.22,nan,16782.4,-106942
1719396588,0,53442.12,nan,16391,-104665
1719396591,0,54689.47,nan,16011.5,-102429
1719396593,0,55965.94,nan,15641.6,-100241
1719396596,0,57272.19,nan,15290.3,-98113.5
1719396599,0,58608.94,nan,14942.9,-96016.4
1719396601,0,59976.88,nan,14609.1,-93963.1
1719396604,0,61376.76,nan,14287.1,-91953.7
1719396607,0,62809.3,nan,13973,-89983.8
1719396609,0,64275.29,nan,13672,-88053.8
1719396612,0,65775.49,nan,13378.5,-86169.8
1719396615,0,67310.7,nan,13095,-84329.7
1719396617,0,68881.75,nan,12821.4,-82524
1719396620,0,70489.46,nan,12552.6,-80752.7
1719396623,0,72134.7,nan,12296.5,-79026.5
1719396625,0,73818.34,nan,12046.1,-77323.4
1719396628,0,75541.27,nan,11806.8,-75665.6
1719396631,0,77304.42,nan,11571,-74042.1
1719396633,0,79108.72,nan,11344.1,-72445.7
1719396636,0,80955.14,nan,11124.7,-70883.5
1719396639,0,82844.65,nan,10913.8,-69366
1719396641,0,84778.26,nan,10706.3,-67866
1719396644,0,86757,nan,10508,-66401.6
1719396646,0,88781.93,nan,10316,-64973.2
1719396649,0,90854.12,nan,10130.2,-63574.4
1719396652,0,92974.67,nan,9949.65,-62203.7
1719396654,0,95144.72,nan,9775.09,-60861.9
1719396657,0,97365.42,nan,9605.36,-59544.3
1719396659,0,99637.95,nan,9441.92,-58261.7
1719396662,0,101963.52,nan,9276.84,-56991.1
1719396665,0,104343.37,nan,9129.29,-55802.8
1719396667,0,106778.77,nan,8977.8,-54566.3
1719396670,0,109271.01,nan,8834.77,-53386.3
1719396672,0,111821.42,nan,8697.61,-52256.6
1719396675,0,114431.35,nan,8564.64,-51131.7
1719396678,0,117102.2,nan,8434.2,-50017.1
1719396680,0,119835.39,nan,8308.3,-48951.3
1719396683,0,122632.38,nan,8187.67,-47892.9
1719396685,0,125494.64,nan,8066.78,-46844.2
1719396688,0,128423.71,nan,7954.25,-45842.8
1719396691,0,131421.15,nan,7842.61,-44852.8
1719396693,0,134488.55,nan,7735.35,-43874.4
1719396696,0,137627.54,nan,7633.26,-42939.3
1719396699,0,140839.8,nan,7532.51,-42016.6
1719396701,0,144127.03,nan,7435.87,-41106.4
1719396704,0,147490.98,nan,7342.42,-40211.7
1719396707,0,150933.45,nan,7251.76,-39355.5
1719396709,0,154456.27,nan,7161.94,-38489.1
1719396712,0,158061.31,nan,7076.45,-37661.6
1719396715,0,161750.5,nan,6992.67,-36849.4
1719396717,0,165525.79,nan,6914.08,-36072.1
1719396720,0,169389.2,nan,6835.62,-35289.4
1719396723,0,173342.78,nan,6761.08,-34542
1719396725,0,177388.63,nan,6687.45,-33789.7
1719396728,0,181528.92,nan,6617.1,-33073.1
1719396730,0,185765.85,nan,6546.85,-32352.8
1719396733,0,190101.66,nan,6481.47,-31666.5
1719396736,0,194538.67,nan,6417.24,-30995
1719396738,0,199079.25,nan,6353.43,-30323.7
1719396741,0,203725.8,nan,6292.59,-29682.1
1719396743,0,208480.8,nan,6233.75,-29043.8
1719396746,0,213346.79,nan,6177.49,-28434
1719396749,0,218326.35,nan,6121.76,-27827
1719396751,0,223422.13,nan,6067.04,-27235
1719396754,0,228636.85,nan,6013.78,-26659.4
1719396756,0,233973.28,nan,5962.75,-26088.3
1719396759,0,239434.27,nan,5912.03,-25542
1719396762,0,245022.72,nan,5863.06,-25001.5
1719396764,0,250741.6,nan,5817.08,-24476.3
1719396767,0,256593.96,nan,5770.66,-23957.1
1719396770,0,262582.92,nan,5725.2,-23452.9
1719396772,0,268711.66,nan,5681.98,-22964.3
1719396775,0,274983.45,nan,5638.68,-22481.8
1719396778,0,281401.62,nan,5596.92,-22013.5
1719396780,0,287969.59,nan,5555.29,-21553.9
1719396783,0,294690.86,nan,5515.51,-21107.4
1719396786,0,301569.01,nan,5476.22,-20668.7
1719396788,0,308607.69,nan,5436.74,-20243.5
1719396791,0,315810.66,nan,5400.1,-19827.4
1719396794,0,323181.75,nan,5362.97,-19418.8
1719396796,0,330724.88,nan,5327.05,-19023
1719396799,0,338444.07,nan,5291.53,-18635.5
1719396802,0,346343.43,nan,5256.92,-18256.3
1719396804,0,354427.16,nan,5221.85,-17884.7
1719396807,0,362699.56,nan,5187.98,-17522.1
1719396809,0,371165.05,nan,5153.49,-17167.5
1719396812,0,379828.12,nan,5121.24,-16826
1719396815,0,388693.39,nan,5088.09,-16487.9
1719396817,0,397765.57,nan,5056.14,-16158.5
1719396820,0,407049.5,nan,5024.05,-15840.7
1719396822,0,416550.13,nan,4991.78,-15524.7
1719396825,0,426272.49,nan,4969.04,-15219.9
1719396828,0,436221.78,nan,4940.76,-14923.7
1719396830,0,446403.29,nan,4909.64,-14632.5
1719396833,0,456822.44,nan,4876.37,-14349.2
1719396836,0,467484.77,nan,4838.26,-14071.1
1719396838,0,478395.97,nan,4807.74,-13801.8
1719396841,0,489561.83,nan,4777.35,-13537.9
1719396843,0,500988.31,nan,4746.81,-13281.3
1719396846,0,512681.48,nan,4716.53,-13030.5
1719396849,0,524647.58,nan,4685.89,-12786.7
1719396851,0,536892.96,nan,4654.02,-12547
1719396854,0,549424.16,nan,4620.28,-12314.7
1719396857,0,562247.83,nan,4589.02,-12088.6
1719396859,0,575370.82,nan,4559.21,-11865.6
1719396862,0,588800.1,nan,4528.77,-11650.3
1719396865,0,602542.81,nan,4497.63,-11440
1719396867,0,616606.29,nan,4466.07,-11234.1
1719396870,0,630998.01,nan,4434.21,-11033.5
1719396873,0,645725.64,nan,4402.54,-10838.6
1719396875,0,660797.01,nan,4370.34,-10647.4
1719396878,0,676220.16,nan,4337.21,-10461.6
1719396881,0,692003.28,nan,4305.36,-10280.7
1719396883,0,708154.78,nan,4272.12,-10103.2
1719396886,0,724683.26,nan,4238.54,-9930.76
1719396888,0,741597.53,nan,4205.2,-9763.02
1719396891,0,758906.57,nan,4172.18,-9598.59
1719396894,0,776619.61,nan,4137.94,-9438.99
1719396896,0,794746.08,nan,4103.6,-9283.63
1719396899,0,813295.62,nan,4068.92,-9130.85
1719396901,0,832278.11,nan,4034.01,-8981.99
1719396904,0,851703.66,nan,3997.98,-8836.66
1719396907,0,871582.6,nan,3961.14,-8695.18
1719396909,0,891925.53,nan,3925.37,-8556.99
1719396912,0,912743.26,nan,3888.79,-8421.5
1719396914,0,934046.88,nan,3855.5,-8289.84
1719396917,0,955847.73,nan,3818.08,-8161.22
1719396920,0,978157.42,nan,3780.18,-8034.83
1719396922,0,1000987.82,nan,3742.04,-7912.16
1719396925,0,1024351.09,nan,3704.01,-7793.67
1719396928,0,1048259.66,nan,3664.6,-7675.91
1719396930,0,1072726.26,nan,3624.08,-7558.76
1719396933,0,1097763.92,nan,3584.34,-7446.85
1719396936,0,1123385.96,nan,3545.02,-7339.51
1719396938,0,1149606.03,nan,3503.16,-7229.1
1719396941,0,1176438.08,nan,3463.38,-7127.1
1719396944,0,1203896.39,nan,3420.97,-7022.35
1719396946,0,1231995.59,nan,3379.35,-6922.01
1719396949,0,1260750.63,nan,3336.94,-6822.02
1719396952,0,1290176.82,nan,3295.23,-6726.56
1719396954,0,1320289.82,nan,3252.46,-6631.88
1719396957,0,1351105.66,nan,3208.51,-6537.54
1719396959,0,1382640.76,nan,3165.1,-6445.1
1719396962,0,1414911.88,nan,3122.18,-6355.51
1719396965,0,1447936.23,nan,3078.46,-6267.49
1719396967,0,1481731.37,nan,3033.94,-6179.52
1719396970,0,1516315.29,nan,2991.18,-6096
1719396973,0,1551706.41,nan,2946.36,-6010.41
1719396975,0,1587923.57,nan,2902.55,-5927.83
1719396978,0,1624986.04,nan,2857.69,-5847.21
1719396980,0,1662913.56,nan,2813.23,-5767.33
1719396983,0,1701726.32,nan,2768.7,-5687.58
1719396986,0,1741444.97,nan,2724.75,-5611.92
1719396988,0,1782090.66,nan,2679,-5534.35
1719396991,0,1823685.04,nan,2634.3,-5458.17
1719396993,0,1866250.24,nan,2585.22,-5386.04
1719396996,0,1909808.91,nan,2540.62,-5311.66
1719396999,0,1954384.26,nan,2497.47,-5239.86
1719397001,0,2000000,nan,2452.78,-5167.01
1719397006,0.1,20,nan,11421400,-3729060
1719397011,0.1,20.47,nan,11163600,-3676040
1719397015,0.1,20.94,nan,11163400,-3799230
1719397020,0.1,21.43,nan,11086400,-3717100
1719397024,0.1,21.93,nan,11050300,-3750930
1719397029,0.1,22.45,nan,10999500,-3710290
1719397033,0.1,22.97,nan,10934900,-3739560
1719397037,0.1,23.51,nan,10870300,-3714140
1719397042,0.1,24.05,nan,10802000,-3749530
1719397047,0.1,24.62,nan,10712400,-3762150
1719397053,0.1,25.19,nan,10717500,-3725410
1719397059,0.1,25.78,nan,10656500,-3722720
1719397066,0.1,26.38,nan,10586400,-3732890
1719397072,0.1,27,nan,10520600,-3756160
1719397078,0.1,27.63,nan,10473400,-3732000
1719397084,0.1,28.27,nan,10436000,-3758290
1719397089,0.1,28.93,nan,10399300,-3774690
1719397095,0.1,29.61,nan,10347700,-3749100
1719397100,0.1,30.3,nan,10262300,-3806640
1719397106,0.1,31,nan,10235100,-3790130
1719397111,0.1,31.73,nan,10131700,-3763700
1719397116,0.1,32.47,nan,10142500,-3810280
1719397121,0.1,33.23,nan,10069900,-3741070
1719397126,0.1,34,nan,10015900,-3730300
1719397131,0.1,34.79,nan,9898580,-3849690
1719397136,0.1,35.61,nan,9879110,-3832360
1719397141,0.1,36.44,nan,9815680,-3773740
1719397146,0.1,37.29,nan,9790170,-3809070
1719397151,0.1,38.16,nan,9759410,-3813510
1719397155,0.1,39.05,nan,9686010,-3854910
1719397159,0.1,39.96,nan,9611710,-3829020
1719397164,0.1,40.89,nan,9584650,-3822410
1719397168,0.1,41.85,nan,9498780,-3850900
1719397172,0.1,42.82,nan,9461320,-3837930
1719397176,0.1,43.82,nan,9380160,-3862970
1719397180,0.1,44.85,nan,9320060,-3851060
1719397183,0.1,45.89,nan,9290100,-3856210
1719397187,0.1,46.96,nan,9228910,-3873090
1719397191,0.1,48.06,nan,9181780,-3892940
1719397194,0.1,49.18,nan,9118050,-3845010
1719397199,0.1,50.33,nan,9114590,-4025930
1719397204,0.1,51.51,nan,9079270,-3921640
1719397208,0.1,52.71,nan,8915390,-3902660
1719397212,0.1,53.94,nan,8902460,-3890380
1719397217,0.1,55.2,nan,8820080,-3916640
1719397221,0.1,56.48,nan,8765380,-3924850
1719397225,0.1,57.8,nan,8693960,-3950310
1719397230,0.1,59.15,nan,8681050,-3945860
1719397234,0.1,60.53,nan,8586860,-3970830
1719397238,0.1,61.95,nan,8531990,-3959630
1719397242,0.1,63.39,nan,8482560,-3959750
1719397245,0.1,64.87,nan,8400510,-3953030
1719397249,0.1,66.39,nan,8375030,-3949640
1719397252,0.1,67.93,nan,8325330,-3976320
1719397256,0.1,69.52,nan,8231390,-3977460
1719397259,0.1,71.14,nan,8154580,-3993990
1719397263,0.1,72.8,nan,8110140,-4003410
1719397266,0.1,74.5,nan,8021060,-4004080
1719397270,0.1,76.24,nan,7991310,-4001240
1719397274,0.1,78.02,nan,7913780,-4008770
1719397278,0.1,79.84,nan,7852470,-4022240
1719397282,0.1,81.71,nan,7807880,-4001550
1719397285,0.1,83.61,nan,7729350,-4013350
1719397289,0.1,85.56,nan,7679400,-4014730
1719397293,0.1,87.56,nan,7617360,-4021960
1719397296,0.1,89.61,nan,7544360,-4034230
1719397300,0.1,91.7,nan,7493590,-4060000
1719397303,0.1,93.84,nan,7432810,-4092130
1719397306,0.1,96.03,nan,7613830,-3724380
1719397309,0.1,98.27,nan,7322190,-4029040
1719397313,0.1,100.56,nan,7227350,-4075870
1719397317,0.1,102.91,nan,7176610,-4071270
1719397320,0.1,105.31,nan,7096880,-4062960
1719397324,0.1,107.77,nan,7040050,-4057380
1719397328,0.1,110.28,nan,6957450,-4066290
1719397331,0.1,112.86,nan,6899890,-4067370
1719397334,0.1,115.49,nan,6732580,-4120200
1719397338,0.1,118.19,nan,6770840,-4077130
1719397341,0.1,120.95,nan,6725630,-4073190
1719397344,0.1,123.77,nan,6646090,-4070270
1719397347,0.1,126.66,nan,6561600,-4079360
1719397351,0.1,129.61,nan,6509320,-4075070
1719397354,0.1,132.64,nan,6435530,-4078860
1719397357,0.1,135.74,nan,6373500,-4082400
1719397360,0.1,138.9,nan,6299340,-4076270
1719397363,0.1,142.15,nan,6230330,-4080880
1719397366,0.1,145.46,nan,6156000,-4081890
1719397369,0.1,148.86,nan,6108360,-4072980
1719397373,0.1,152.33,nan,6033340,-4064400
1719397376,0.1,155.89,nan,5969320,-4075670
1719397379,0.1,159.53,nan,5908440,-4051160
1719397382,0.1,163.25,nan,5821230,-4060830
1719397385,0.1,167.06,nan,5752970,-4058690
1719397388,0.1,170.96,nan,5686370,-4057420
1719397391,0.1,174.95,nan,5623280,-4050250
1719397394,0.1,179.03,nan,5551540,-4046600
1719397397,0.1,183.21,nan,5484390,-4033930
1719397400,0.1,187.49,nan,5415190,-4034800
1719397403,0.1,191.86,nan,5344090,-4019950
1719397406,0.1,196.34,nan,5273370,-4016280
1719397410,0.1,200.93,nan,5206240,-4018210
1719397413,0.1,205.61,nan,5134620,-4005630
1719397416,0.1,210.41,nan,5065020,-3990700
1719397419,0.1,215.32,nan,4995400,-3982660
1719397422,0.1,220.35,nan,4924280,-3974310
1719397425,0.1,225.49,nan,4856660,-3966090
1719397428,0.1,230.76,nan,4787960,-3956020
1719397431,0.1,236.14,nan,4719850,-3939540
1719397434,0.1,241.65,nan,4651520,-3928610
1719397437,0.1,247.29,nan,4580250,-3912880
1719397440,0.1,253.07,nan,4509650,-3900980
1719397443,0.1,258.97,nan,4440490,-3882320
1719397446,0.1,265.02,nan,4378380,-3864290
1719397449,0.1,271.2,nan,4300240,-3855720
1719397452,0.1,277.53,nan,4236910,-3821860
1719397455,0.1,284.01,nan,4176430,-3819820
1719397458,0.1,290.64,nan,4109230,-3802230
1719397461,0.1,297.42,nan,4041730,-3783690
1719397464,0.1,304.37,nan,3977900,-3764260
1719397467,0.1,311.47,nan,3911190,-3740230
1719397470,0.1,318.74,nan,3843240,-3721240
1719397473,0.1,326.18,nan,3778020,-3699500
1719397476,0.1,333.79,nan,3714170,-3681160
1719397479,0.1,341.58,nan,3651660,-3656220
1719397482,0.1,349.55,nan,3580520,-3627820
1719397485,0.1,357.71,nan,3520810,-3609540
1719397490,0.2,20,nan,10989700,-3767500
