Time,Bias,Frequency,Temperature,R,X,,,Real,_Imag,Freq
1719394580,0,20,nan,11097700,-3493000,,,11097700,3493000,20
1719394583,0,20.47,nan,11218700,-3693040,,,11218700,3693040,20.47
1719394585,0,20.94,nan,11203100,-3700530,,,11203100,3700530,20.94
1719394588,0,21.43,nan,11219300,-3783070,,,11219300,3783070,21.43
1719394590,0,21.93,nan,11114300,-3656360,,,11114300,3656360,21.93
1719394593,0,22.45,nan,11153000,-3640200,,,11153000,3640200,22.45
1719394595,0,22.97,nan,11019500,-3678050,,,11019500,3678050,22.97
1719394598,0,23.51,nan,10966600,-3657620,,,10966600,3657620,23.51
1719394600,0,24.05,nan,10919000,-3722370,,,10919000,3722370,24.05
1719394602,0,24.62,nan,10888300,-3739220,,,10888300,3739220,24.62
1719394605,0,25.19,nan,10792600,-3668210,,,10792600,3668210,25.19
1719394608,0,25.78,nan,10774400,-3712290,,,10774400,3712290,25.78
1719394611,0,26.38,nan,10695600,-3745270,,,10695600,3745270,26.38
1719394615,0,27,nan,10621900,-3713080,,,10621900,3713080,27
1719394618,0,27.63,nan,10556500,-3620310,,,10556500,3620310,27.63
1719394620,0,28.27,nan,10529700,-3676680,,,10529700,3676680,28.27
1719394623,0,28.93,nan,10494400,-3723550,,,10494400,3723550,28.93
1719394626,0,29.61,nan,10399800,-3738490,,,10399800,3738490,29.61
1719394628,0,30.3,nan,10352500,-3717410,,,10352500,3717410,30.3
1719394631,0,31,nan,10268400,-3779320,,,10268400,3779320,31
1719394633,0,31.73,nan,10332700,-3754520,,,10332700,3754520,31.73
1719394636,0,32.47,nan,10078700,-3780570,,,10078700,3780570,32.47
1719394638,0,33.23,nan,10192000,-3426730,,,10192000,3426730,33.23
1719394641,0,34,nan,9899870,-3377990,,,9899870,3377990,34
1719394643,0,34.79,nan,10246600,-3888430,,,10246600,3888430,34.79
1719394646,0,35.61,nan,9903470,-3806710,,,9903470,3806710,35.61
1719394648,0,36.44,nan,9856750,-3720290,,,9856750,3720290,36.44
1719394651,0,37.29,nan,9882220,-3783020,,,9882220,3783020,37.29
1719394653,0,38.16,nan,9838590,-3754610,,,9838590,3754610,38.16
1719394656,0,39.05,nan,9811570,-3792770,,,9811570,3792770,39.05
1719394658,0,39.96,nan,9765280,-3790660,,,9765280,3790660,39.96
1719394660,0,40.89,nan,9699190,-3809720,,,9699190,3809720,40.89
1719394662,0,41.85,nan,9589450,-3769290,,,9589450,3769290,41.85
1719394664,0,42.82,nan,9543750,-3827320,,,9543750,3827320,42.82
1719394666,0,43.82,nan,9450810,-3791810,,,9450810,3791810,43.82
1719394667,0,44.85,nan,9440990,-3860640,,,9440990,3860640,44.85
1719394669,0,45.89,nan,9360090,-3736540,,,9360090,3736540,45.89
1719394671,0,46.96,nan,9413560,-3722360,,,9413560,3722360,46.96
1719394673,0,48.06,nan,9124920,-3819560,,,9124920,3819560,48.06
1719394675,0,49.18,nan,9180560,-4246700,,,9180560,4246700,49.18
1719394677,0,50.33,nan,9975890,-3107510,,,9975890,3107510,50.33
1719394679,0,51.51,nan,9017090,-4016770,,,9017090,4016770,51.51
1719394681,0,52.71,nan,9052430,-3817950,,,9052430,3817950,52.71
1719394683,0,53.94,nan,8904870,-3859050,,,8904870,3859050,53.94
1719394685,0,55.2,nan,8882840,-3784430,,,8882840,3784430,55.2
1719394687,0,56.48,nan,8858440,-3880010,,,8858440,3880010,56.48
1719394689,0,57.8,nan,8854520,-3879280,,,8854520,3879280,57.8
1719394691,0,59.15,nan,8705690,-3902460,,,8705690,3902460,59.15
1719394693,0,60.53,nan,8760770,-3892940,,,8760770,3892940,60.53
1719394694,0,61.95,nan,8682290,-3835390,,,8682290,3835390,61.95
1719394696,0,63.39,nan,8619610,-3882130,,,8619610,3882130,63.39
1719394698,0,64.87,nan,8558670,-3883110,,,8558670,3883110,64.87
1719394700,0,66.39,nan,8442660,-3921560,,,8442660,3921560,66.39
1719394701,0,67.93,nan,8437860,-3907180,,,8437860,3907180,67.93
1719394703,0,69.52,nan,8323540,-3980870,,,8323540,3980870,69.52
1719394704,0,71.14,nan,8278410,-3981760,,,8278410,3981760,71.14
1719394706,0,72.8,nan,8195790,-3933910,,,8195790,3933910,72.8
1719394707,0,74.5,nan,8211140,-3984400,,,8211140,3984400,74.5
1719394709,0,76.24,nan,8136970,-3935600,,,8136970,3935600,76.24
1719394711,0,78.02,nan,8043700,-3985310,,,8043700,3985310,78.02
1719394713,0,79.84,nan,8003860,-3976220,,,8003860,3976220,79.84
1719394714,0,81.71,nan,7921320,-3996640,,,7921320,3996640,81.71
1719394716,0,83.61,nan,7915820,-4005190,,,7915820,4005190,83.61
1719394717,0,85.56,nan,7850620,-4011150,,,7850620,4011150,85.56
1719394719,0,87.56,nan,7770280,-3980150,,,7770280,3980150,87.56
1719394720,0,89.61,nan,7673310,-4002080,,,7673310,4002080,89.61
1719394722,0,91.7,nan,7598770,-4008680,,,7598770,4008680,91.7
1719394723,0,93.84,nan,7601890,-4040840,,,7601890,4040840,93.84
1719394725,0,96.03,nan,8086680,-3817130,,,8086680,3817130,96.03
1719394726,0,98.27,nan,7503780,-4008930,,,7503780,4008930,98.27
1719394728,0,100.56,nan,7419340,-3977240,,,7419340,3977240,100.56
1719394729,0,102.91,nan,7320240,-4025540,,,7320240,4025540,102.91
1719394731,0,105.31,nan,7215810,-4015330,,,7215810,4015330,105.31
1719394732,0,107.77,nan,7141420,-4025590,,,7141420,4025590,107.77
1719394734,0,110.28,nan,7132850,-4016330,,,7132850,4016330,110.28
1719394735,0,112.86,nan,7034130,-4024040,,,7034130,4024040,112.86
1719394737,0,115.49,nan,6865400,-3913440,,,6865400,3913440,115.49
1719394738,0,118.19,nan,6936570,-4066470,,,6936570,4066470,118.19
1719394739,0,120.95,nan,6863650,-4042740,,,6863650,4042740,120.95
1719394741,0,123.77,nan,6809790,-4016120,,,6809790,4016120,123.77
1719394742,0,126.66,nan,6724660,-4036830,,,6724660,4036830,126.66
1719394744,0,129.61,nan,6627560,-4035250,,,6627560,4035250,129.61
1719394745,0,132.64,nan,6591220,-4056000,,,6591220,4056000,132.64
1719394746,0,135.74,nan,6530050,-4035210,,,6530050,4035210,135.74
1719394748,0,138.9,nan,6463120,-4057160,,,6463120,4057160,138.9
1719394749,0,142.15,nan,6393160,-4056760,,,6393160,4056760,142.15
1719394750,0,145.46,nan,6314230,-4052480,,,6314230,4052480,145.46
1719394751,0,148.86,nan,6239350,-4063340,,,6239350,4063340,148.86
1719394753,0,152.33,nan,6180890,-4048790,,,6180890,4048790,152.33
1719394754,0,155.89,nan,6106320,-4030590,,,6106320,4030590,155.89
1719394755,0,159.53,nan,6060230,-4069100,,,6060230,4069100,159.53
1719394757,0,163.25,nan,5987740,-4046520,,,5987740,4046520,163.25
1719394758,0,167.06,nan,5909640,-4037720,,,5909640,4037720,167.06
1719394759,0,170.96,nan,5853500,-4039300,,,5853500,4039300,170.96
1719394760,0,174.95,nan,5782980,-4049820,,,5782980,4049820,174.95
1719394761,0,179.03,nan,5714310,-4040420,,,5714310,4040420,179.03
1719394763,0,183.21,nan,5655110,-4019350,,,5655110,4019350,183.21
1719394764,0,187.49,nan,5577020,-4025750,,,5577020,4025750,187.49
1719394765,0,191.86,nan,5506380,-4025820,,,5506380,4025820,191.86
1719394766,0,196.34,nan,5452220,-4011690,,,5452220,4011690,196.34
1719394768,0,200.93,nan,5372220,-4021340,,,5372220,4021340,200.93
1719394769,0,205.61,nan,5292360,-4005220,,,5292360,4005220,205.61
1719394770,0,210.41,nan,5219820,-3995570,,,5219820,3995570,210.41
1719394771,0,215.32,nan,5164600,-3992960,,,5164600,3992960,215.32
1719394772,0,220.35,nan,5096830,-3980930,,,5096830,3980930,220.35
1719394774,0,225.49,nan,5011390,-3967100,,,5011390,3967100,225.49
1719394775,0,230.76,nan,4950660,-3958230,,,4950660,3958230,230.76
1719394776,0,236.14,nan,4883730,-3954510,,,4883730,3954510,236.14
1719394777,0,241.65,nan,4806780,-3940100,,,4806780,3940100,241.65
1719394778,0,247.29,nan,4755730,-3921280,,,4755730,3921280,247.29
1719394780,0,253.07,nan,4684600,-3909240,,,4684600,3909240,253.07
1719394781,0,258.97,nan,4604970,-3904810,,,4604970,3904810,258.97
1719394782,0,265.02,nan,4532600,-3882390,,,4532600,3882390,265.02
1719394783,0,271.2,nan,4470160,-3865340,,,4470160,3865340,271.2
1719394784,0,277.53,nan,4461830,-3820650,,,4461830,3820650,277.53
1719394786,0,284.01,nan,4343470,-3847320,,,4343470,3847320,284.01
1719394787,0,290.64,nan,4269480,-3826000,,,4269480,3826000,290.64
1719394788,0,297.42,nan,4203360,-3809520,,,4203360,3809520,297.42
1719394789,0,304.37,nan,4136090,-3790440,,,4136090,3790440,304.37
1719394790,0,311.47,nan,4066250,-3775550,,,4066250,3775550,311.47
1719394791,0,318.74,nan,3998370,-3754250,,,3998370,3754250,318.74
1719394793,0,326.18,nan,3935400,-3738650,,,3935400,3738650,326.18
1719394794,0,333.79,nan,3875160,-3716590,,,3875160,3716590,333.79
1719394795,0,341.58,nan,3799300,-3692200,,,3799300,3692200,341.58
1719394796,0,349.55,nan,3746280,-3675210,,,3746280,3675210,349.55
1719394797,0,357.71,nan,3678400,-3653920,,,3678400,3653920,357.71
1719394798,0,366.06,nan,3618450,-3627460,,,3618450,3627460,366.06
1719394799,0,374.61,nan,3552230,-3608230,,,3552230,3608230,374.61
1719394800,0,383.35,nan,3488330,-3580010,,,3488330,3580010,383.35
1719394801,0,392.3,nan,3419780,-3557120,,,3419780,3557120,392.3
1719394803,0,401.45,nan,3363190,-3532630,,,3363190,3532630,401.45
1719394804,0,410.82,nan,3304390,-3507960,,,3304390,3507960,410.82
1719394805,0,420.41,nan,3245970,-3486430,,,3245970,3486430,420.41
1719394806,0,430.22,nan,3183930,-3453510,,,3183930,3453510,430.22
1719394807,0,440.27,nan,3128240,-3430430,,,3128240,3430430,440.27
1719394808,0,450.54,nan,3065770,-3425490,,,3065770,3425490,450.54
1719394809,0,461.06,nan,3002290,-3362650,,,3002290,3362650,461.06
1719394810,0,471.82,nan,2955190,-3347260,,,2955190,3347260,471.82
1719394811,0,482.83,nan,2898730,-3324520,,,2898730,3324520,482.83
1719394813,0,494.1,nan,2846210,-3292580,,,2846210,3292580,494.1
1719394814,0,505.63,nan,2794660,-3262730,,,2794660,3262730,505.63
1719394815,0,517.43,nan,2738190,-3236530,,,2738190,3236530,517.43
1719394816,0,529.51,nan,2680350,-3212940,,,2680350,3212940,529.51
1719394817,0,541.87,nan,2631950,-3179060,,,2631950,3179060,541.87
1719394818,0,554.52,nan,2579740,-3152100,,,2579740,3152100,554.52
1719394819,0,567.46,nan,2529330,-3115760,,,2529330,3115760,567.46
1719394820,0,580.71,nan,2481690,-3086270,,,2481690,3086270,580.71
1719394821,0,594.26,nan,2432960,-3058460,,,2432960,3058460,594.26
1719394822,0,608.13,nan,2383120,-3026570,,,2383120,3026570,608.13
1719394823,0,622.32,nan,2337550,-2994720,,,2337550,2994720,622.32
1719394824,0,636.85,nan,2289940,-2964940,,,2289940,2964940,636.85
1719394825,0,651.71,nan,2250600,-2931650,,,2250600,2931650,651.71
1719394826,0,666.92,nan,2198340,-2901750,,,2198340,2901750,666.92
1719394828,0,682.49,nan,2153430,-2868390,,,2153430,2868390,682.49
1719394829,0,698.42,nan,2110600,-2838810,,,2110600,2838810,698.42
1719394830,0,714.72,nan,2064940,-2807080,,,2064940,2807080,714.72
1719394831,0,731.4,nan,2026900,-2779090,,,2026900,2779090,731.4
1719394832,0,748.47,nan,1981750,-2745810,,,1981750,2745810,748.47
1719394833,0,765.94,nan,1943460,-2713620,,,1943460,2713620,765.94
1719394834,0,783.82,nan,1900620,-2685260,,,1900620,2685260,783.82
1719394835,0,802.11,nan,1862920,-2653010,,,1862920,2653010,802.11
1719394836,0,820.84,nan,1824960,-2622930,,,1824960,2622930,820.84
1719394837,0,839.99,nan,1785400,-2591130,,,1785400,2591130,839.99
1719394838,0,859.6,nan,1749700,-2562290,,,1749700,2562290,859.6
1719394839,0,879.66,nan,1712480,-2528250,,,1712480,2528250,879.66
1719394840,0,900.2,nan,1675190,-2496060,,,1675190,2496060,900.2
1719394841,0,921.21,nan,1640780,-2466030,,,1640780,2466030,921.21
1719394842,0,942.71,nan,1605480,-2437180,,,1605480,2437180,942.71
1719394843,0,964.71,nan,1573980,-2407100,,,1573980,2407100,964.71
1719394844,0,987.23,nan,1536250,-2370840,,,1536250,2370840,987.23
1719394845,0,1010.27,nan,1508800,-2339290,,,1508800,2339290,1010.27
1719394846,0,1033.85,nan,1473890,-2317280,,,1473890,2317280,1033.85
1719394847,0,1057.98,nan,1442850,-2288060,,,1442850,2288060,1057.98
1719394848,0,1082.67,nan,1409640,-2259820,,,1409640,2259820,1082.67
1719394849,0,1107.94,nan,1381850,-2229620,,,1381850,2229620,1107.94
1719394850,0,1133.8,nan,1353080,-2199770,,,1353080,2199770,1133.8
1719394851,0,1160.26,nan,1323640,-2170970,,,1323640,2170970,1160.26
1719394852,0,1187.35,nan,1294730,-2143180,,,1294730,2143180,1187.35
1719394853,0,1215.06,nan,1266670,-2115030,,,1266670,2115030,1215.06
1719394854,0,1243.42,nan,1239330,-2087880,,,1239330,2087880,1243.42
1719394855,0,1272.44,nan,1212560,-2058710,,,1212560,2058710,1272.44
1719394856,0,1302.14,nan,1184650,-2031510,,,1184650,2031510,1302.14
1719394857,0,1332.53,nan,1158900,-2003550,,,1158900,2003550,1332.53
1719394858,0,1363.63,nan,1131970,-1976710,,,1131970,1976710,1363.63
1719394859,0,1395.46,nan,1109720,-1950530,,,1109720,1950530,1395.46
1719394860,0,1428.03,nan,1086530,-1922360,,,1086530,1922360,1428.03
1719394861,0,1461.36,nan,1060290,-1895920,,,1060290,1895920,1461.36
1719394862,0,1495.47,nan,1037310,-1871240,,,1037310,1871240,1495.47
1719394863,0,1530.37,nan,1013650,-1843310,,,1013650,1843310,1530.37
1719394864,0,1566.09,nan,989340,-1820760,,,989340,1820760,1566.09
1719394865,0,1602.65,nan,968655,-1791810,,,968655,1791810,1602.65
1719394866,0,1640.05,nan,946377,-1767150,,,946377,1767150,1640.05
1719394867,0,1678.33,nan,924375,-1742800,,,924375,1742800,1678.33
1719394868,0,1717.5,nan,903170,-1717700,,,903170,1717700,1717.5
1719394869,0,1757.59,nan,882645,-1692560,,,882645,1692560,1757.59
1719394870,0,1798.61,nan,862530,-1668740,,,862530,1668740,1798.61
1719394871,0,1840.59,nan,842001,-1644100,,,842001,1644100,1840.59
1719394872,0,1883.55,nan,823089,-1620910,,,823089,1620910,1883.55
1719394873,0,1927.52,nan,802393,-1596750,,,802393,1596750,1927.52
1719394874,0,1972.5,nan,784789,-1573920,,,784789,1573920,1972.5
1719394875,0,2018.54,nan,766619,-1549150,,,766619,1549150,2018.54
1719394876,0,2065.66,nan,746820,-1526470,,,746820,1526470,2065.66
1719394877,0,2113.87,nan,729735,-1503960,,,729735,1503960,2113.87
1719394878,0,2163.21,nan,712487,-1481730,,,712487,1481730,2163.21
1719394879,0,2213.7,nan,695391,-1459680,,,695391,1459680,2213.7
1719394880,0,2265.37,nan,679396,-1437530,,,679396,1437530,2265.37
1719394881,0,2318.24,nan,662453,-1415360,,,662453,1415360,2318.24
1719394882,0,2372.35,nan,647656,-1394070,,,647656,1394070,2372.35
1719394883,0,2427.72,nan,631327,-1373020,,,631327,1373020,2427.72
1719394884,0,2484.38,nan,615110,-1351600,,,615110,1351600,2484.38
1719394884,0,2542.37,nan,600465,-1330990,,,600465,1330990,2542.37
1719394885,0,2601.71,nan,585412,-1309970,,,585412,1309970,2601.71
1719394887,0,2662.43,nan,571239,-1289820,,,571239,1289820,2662.43
1719394888,0,2724.57,nan,556597,-1269130,,,556597,1269130,2724.57
1719394888,0,2788.17,nan,542680,-1250010,,,542680,1250010,2788.17
1719394889,0,2853.24,nan,529484,-1229690,,,529484,1229690,2853.24
1719394890,0,2919.84,nan,517075,-1210290,,,517075,1210290,2919.84
1719394891,0,2987.99,nan,503075,-1190950,,,503075,1190950,2987.99
1719394892,0,3057.73,nan,490230,-1172110,,,490230,1172110,3057.73
1719394893,0,3129.1,nan,478238,-1152700,,,478238,1152700,3129.1
1719394894,0,3202.13,nan,465781,-1134430,,,465781,1134430,3202.13
1719394895,0,3276.87,nan,453830,-1116040,,,453830,1116040,3276.87
1719394896,0,3353.35,nan,442423,-1097620,,,442423,1097620,3353.35
1719394897,0,3431.62,nan,430907,-1079310,,,430907,1079310,3431.62
1719394898,0,3511.71,nan,419599,-1062010,,,419599,1062010,3511.71
1719394899,0,3593.68,nan,408934,-1044680,,,408934,1044680,3593.68
1719394900,0,3677.55,nan,398201,-1026870,,,398201,1026870,3677.55
1719394901,0,3763.39,nan,388317,-1009880,,,388317,1009880,3763.39
1719394902,0,3851.23,nan,377991,-993113,,,377991,993113,3851.23
1719394903,0,3941.12,nan,367962,-976209,,,367962,976209,3941.12
1719394904,0,4033.1,nan,358259,-959472,,,358259,959472,4033.1
1719394905,0,4127.24,nan,348898,-943016,,,348898,943016,4127.24
1719394906,0,4223.57,nan,339547,-927136,,,339547,927136,4223.57
1719394907,0,4322.15,nan,330578,-910955,,,330578,910955,4322.15
1719394908,0,4423.02,nan,321653,-895222,,,321653,895222,4423.02
1719394909,0,4526.26,nan,312993,-879870,,,312993,879870,4526.26
1719394910,0,4631.9,nan,304870,-865049,,,304870,865049,4631.9
1719394911,0,4740.01,nan,296586,-849699,,,296586,849699,4740.01
1719394912,0,4850.65,nan,288614,-834800,,,288614,834800,4850.65
1719394913,0,4963.86,nan,280910,-820339,,,280910,820339,4963.86
1719394914,0,5079.72,nan,273555,-805941,,,273555,805941,5079.72
1719394915,0,5198.28,nan,266048,-791802,,,266048,791802,5198.28
1719394916,0,5319.61,nan,258832,-777746,,,258832,777746,5319.61
1719394917,0,5443.77,nan,251795,-764038,,,251795,764038,5443.77
1719394918,0,5570.83,nan,245154,-750201,,,245154,750201,5570.83
1719394919,0,5700.85,nan,238421,-736859,,,238421,736859,5700.85
1719394920,0,5833.91,nan,232013,-723684,,,232013,723684,5833.91
1719394921,0,5970.08,nan,225489,-710680,,,225489,710680,5970.08
1719394922,0,6109.42,nan,219338,-698069,,,219338,698069,6109.42
1719394923,0,6252.01,nan,213326,-685422,,,213326,685422,6252.01
1719394924,0,6397.94,nan,207590,-672787,,,207590,672787,6397.94
1719394925,0,6547.27,nan,201806,-660567,,,201806,660567,6547.27
1719394926,0,6700.08,nan,196172,-648508,,,196172,648508,6700.08
1719394927,0,6856.46,nan,190775,-636659,,,190775,636659,6856.46
1719394928,0,7016.49,nan,185512,-624999,,,185512,624999,7016.49
1719394929,0,7180.26,nan,180318,-613589,,,180318,613589,7180.26
1719394930,0,7347.85,nan,175328,-602039,,,175328,602039,7347.85
1719394930,0,7519.35,nan,170475,-590937,,,170475,590937,7519.35
1719394931,0,7694.85,nan,165716,-579896,,,165716,579896,7694.85
1719394932,0,7874.45,nan,161028,-569242,,,161028,569242,7874.45
1719394933,0,8058.24,nan,156497,-558580,,,156497,558580,8058.24
1719394934,0,8246.33,nan,152187,-548074,,,152187,548074,8246.33
1719394935,0,8438.8,nan,147836,-537788,,,147836,537788,8438.8
1719394936,0,8635.76,nan,143804,-527657,,,143804,527657,8635.76
1719394937,0,8837.32,nan,139758,-517629,,,139758,517629,8837.32
1719394938,0,9043.58,nan,135797,-507738,,,135797,507738,9043.58
1719394939,0,9254.66,nan,132096,-498152,,,132096,498152,9254.66
1719394940,0,9470.67,nan,128183,-488768,,,128183,488768,9470.67
1719394941,0,9691.72,nan,124613,-479390,,,124613,479390,9691.72
1719394942,0,9917.92,nan,121131,-470286,,,121131,470286,9917.92
1719394943,0,10149.41,nan,117706,-461227,,,117706,461227,10149.41
1719394944,0,10386.3,nan,114349,-452242,,,114349,452242,10386.3
1719394945,0,10628.72,nan,111089,-443591,,,111089,443591,10628.72
1719394946,0,10876.79,nan,108004,-435038,,,108004,435038,10876.79
1719394947,0,11130.66,nan,105009,-426729,,,105009,426729,11130.66
1719394947,0,11390.45,nan,102041,-418425,,,102041,418425,11390.45
1719394948,0,11656.31,nan,99111.6,-410233,,,99111.6,410233,11656.31
1719394949,0,11928.37,nan,96292.6,-402302,,,96292.6,402302,11928.37
1719394950,0,12206.78,nan,93582.3,-394425,,,93582.3,394425,12206.78
1719394951,0,12491.69,nan,90986.4,-386844,,,90986.4,386844,12491.69
1719394952,0,12783.25,nan,88403.2,-379328,,,88403.2,379328,12783.25
1719394953,0,13081.61,nan,85896.7,-371889,,,85896.7,371889,13081.61
1719394954,0,13386.94,nan,83398.8,-364467,,,83398.8,364467,13386.94
1719394955,0,13699.39,nan,81047.3,-357379,,,81047.3,357379,13699.39
1719394956,0,14019.14,nan,78741,-350323,,,78741,350323,14019.14
1719394957,0,14346.35,nan,76451.3,-343342,,,76451.3,343342,14346.35
1719394958,0,14681.2,nan,74344.3,-336655,,,74344.3,336655,14681.2
1719394959,0,15023.86,nan,72229.1,-330006,,,72229.1,330006,15023.86
1719394959,0,15374.52,nan,70174.9,-323460,,,70174.9,323460,15374.52
1719394960,0,15733.36,nan,68129.8,-316991,,,68129.8,316991,15733.36
1719394961,0,16100.58,nan,66207.8,-310643,,,66207.8,310643,16100.58
1719394962,0,16476.37,nan,64321.3,-304378,,,64321.3,304378,16476.37
1719394963,0,16860.94,nan,62477.7,-298368,,,62477.7,298368,16860.94
1719394964,0,17254.47,nan,60747.7,-292435,,,60747.7,292435,17254.47
1719394965,0,17657.2,nan,58986.2,-286463,,,58986.2,286463,17657.2
1719394966,0,18069.32,nan,57321.2,-280719,,,57321.2,280719,18069.32
1719394967,0,18491.06,nan,55713.6,-275094,,,55713.6,275094,18491.06
1719394968,0,18922.65,nan,54120.4,-269563,,,54120.4,269563,18922.65
1719394969,0,19364.31,nan,52591.3,-264144,,,52591.3,264144,19364.31
1719394970,0,19816.27,nan,51099.4,-258704,,,51099.4,258704,19816.27
1719394971,0,20278.79,nan,49661,-253476,,,49661,253476,20278.79
1719394972,0,20752.1,nan,48277.1,-248368,,,48277.1,248368,20752.1
1719394972,0,21236.46,nan,46879.5,-243264,,,46879.5,243264,21236.46
1719394973,0,21732.12,nan,45587.4,-238360,,,45587.4,238360,21732.12
1719394974,0,22239.35,nan,44302.3,-233481,,,44302.3,233481,22239.35
1719394975,0,22758.43,nan,43046.8,-228706,,,43046.8,228706,22758.43
1719394976,0,23289.61,nan,41855,-224033,,,41855,224033,23289.61
1719394977,0,23833.2,nan,40691.2,-219468,,,40691.2,219468,23833.2
1719394978,0,24389.47,nan,39551.8,-214935,,,39551.8,214935,24389.47
1719394979,0,24958.72,nan,38459.1,-210524,,,38459.1,210524,24958.72
1719394980,0,25541.27,nan,37383.8,-206206,,,37383.8,206206,25541.27
1719394981,0,26137.4,nan,36329.1,-201937,,,36329.1,201937,26137.4
1719394982,0,26747.46,nan,35340.6,-197767,,,35340.6,197767,26747.46
1719394983,0,27371.75,nan,34372,-193716,,,34372,193716,27371.75
1719394983,0,28010.61,nan,33427.4,-189702,,,33427.4,189702,28010.61
1719394984,0,28664.38,nan,32512.9,-185790,,,32512.9,185790,28664.38
1719394985,0,29333.42,nan,31618.2,-181933,,,31618.2,181933,29333.42
1719394986,0,30018.07,nan,30758.5,-178132,,,30758.5,178132,30018.07
1719394987,0,30718.69,nan,29923.6,-174433,,,29923.6,174433,30718.69
1719394988,0,31435.67,nan,29113,-170788,,,29113,170788,31435.67
1719394989,0,32169.39,nan,28326.2,-167246,,,28326.2,167246,32169.39
1719394990,0,32920.23,nan,27570.5,-163767,,,27570.5,163767,32920.23
1719394991,0,33688.6,nan,26831.9,-160346,,,26831.9,160346,33688.6
1719394992,0,34474.89,nan,26119.5,-157020,,,26119.5,157020,34474.89
1719394993,0,35279.55,nan,25416.8,-153713,,,25416.8,153713,35279.55
1719394994,0,36102.98,nan,24750.9,-150506,,,24750.9,150506,36102.98
1719394995,0,36945.63,nan,24091.9,-147320,,,24091.9,147320,36945.63
1719394996,0,37807.95,nan,23460.6,-144246,,,23460.6,144246,37807.95
1719394997,0,38690.39,nan,22847.1,-141215,,,22847.1,141215,38690.39
1719394998,0,39593.44,nan,22261.3,-138258,,,22261.3,138258,39593.44
1719394998,0,40517.55,nan,21680.6,-135331,,,21680.6,135331,40517.55
1719394999,0,41463.24,nan,21122.3,-132500,,,21122.3,132500,41463.24
1719395000,0,42431,nan,20573,-129690,,,20573,129690,42431
1719395001,0,43421.35,nan,20058.4,-126955,,,20058.4,126955,43421.35
1719395002,0,44434.82,nan,19554.9,-124280,,,19554.9,124280,44434.82
1719395003,0,45471.93,nan,19061.6,-121642,,,19061.6,121642,45471.93
1719395004,0,46533.26,nan,18585.4,-119074,,,18585.4,119074,46533.26
1719395005,0,47619.35,nan,18123.9,-116543,,,18123.9,116543,47619.35
1719395006,0,48730.8,nan,17675.6,-114072,,,17675.6,114072,48730.8
1719395007,0,49868.19,nan,17241.8,-111645,,,17241.8,111645,49868.19
1719395008,0,51032.12,nan,16824.7,-109278,,,16824.7,109278,51032.12
1719395009,0,52223.22,nan,16418,-106955,,,16418,106955,52223.22
1719395009,0,53442.12,nan,16021.8,-104676,,,16021.8,104676,53442.12
1719395010,0,54689.47,nan,15639.6,-102442,,,15639.6,102442,54689.47
1719395011,0,55965.94,nan,15268.4,-100254,,,15268.4,100254,55965.94
1719395012,0,57272.19,nan,14914.4,-98128.3,,,14914.4,98128.3,57272.19
1719395013,0,58608.94,nan,14564.4,-96027.9,,,14564.4,96027.9,58608.94
1719395014,0,59976.88,nan,14228.6,-93973.3,,,14228.6,93973.3,59976.88
1719395015,0,61376.76,nan,13908.2,-91965.4,,,13908.2,91965.4,61376.76
1719395016,0,62809.3,nan,13592.8,-89994,,,13592.8,89994,62809.3
1719395017,0,64275.29,nan,13285.6,-88060.3,,,13285.6,88060.3,64275.29
1719395018,0,65775.49,nan,12990.2,-86176.3,,,12990.2,86176.3,65775.49
1719395019,0,67310.7,nan,12705.2,-84333.4,,,12705.2,84333.4,67310.7
1719395020,0,68881.75,nan,12431.4,-82528.9,,,12431.4,82528.9,68881.75
1719395020,0,70489.46,nan,12161.5,-80753.8,,,12161.5,80753.8,70489.46
1719395021,0,72134.7,nan,11902.5,-79026.1,,,11902.5,79026.1,72134.7
1719395022,0,73818.34,nan,11648.7,-77320.6,,,11648.7,77320.6,73818.34
1719395023,0,75541.27,nan,11406.9,-75663.9,,,11406.9,75663.9,75541.27
1719395024,0,77304.42,nan,11172.3,-74036.8,,,11172.3,74036.8,77304.42
1719395025,0,79108.72,nan,10944.1,-72438.8,,,10944.1,72438.8,79108.72
1719395026,0,80955.14,nan,10721.9,-70876.2,,,10721.9,70876.2,80955.14
1719395027,0,82844.65,nan,10511.2,-69358,,,10511.2,69358,82844.65
1719395028,0,84778.26,nan,10304.7,-67863.5,,,10304.7,67863.5,84778.26
1719395029,0,86757,nan,10101.6,-66392.2,,,10101.6,66392.2,86757
1719395030,0,88781.93,nan,9908.96,-64960.4,,,9908.96,64960.4,88781.93
1719395031,0,90854.12,nan,9721.1,-63560.1,,,9721.1,63560.1,90854.12
1719395031,0,92974.67,nan,9539.15,-62188.1,,,9539.15,62188.1,92974.67
1719395032,0,95144.72,nan,9363.23,-60844.1,,,9363.23,60844.1,95144.72
1719395033,0,97365.42,nan,9192.28,-59525,,,9192.28,59525,97365.42
1719395034,0,99637.95,nan,9030.04,-58239.9,,,9030.04,58239.9,99637.95
1719395035,0,101963.52,nan,8862.31,-56967.2,,,8862.31,56967.2,101963.52
1719395036,0,104343.37,nan,8713.68,-55777.6,,,8713.68,55777.6,104343.37
1719395037,0,106778.77,nan,8559.33,-54540,,,8559.33,54540,106778.77
1719395038,0,109271.01,nan,8417.06,-53355.3,,,8417.06,53355.3,109271.01
1719395039,0,111821.42,nan,8277.99,-52224,,,8277.99,52224,111821.42
1719395040,0,114431.35,nan,8145.07,-51096.3,,,8145.07,51096.3,114431.35
1719395041,0,117102.2,nan,8012.61,-49980.5,,,8012.61,49980.5,117102.2
1719395042,0,119835.39,nan,7886.21,-48910.3,,,7886.21,48910.3,119835.39
1719395042,0,122632.38,nan,7764.16,-47849.5,,,7764.16,47849.5,122632.38
1719395043,0,125494.64,nan,7641.63,-46799.4,,,7641.63,46799.4,125494.64
1719395044,0,128423.71,nan,7527.92,-45795.6,,,7527.92,45795.6,128423.71
1719395045,0,131421.15,nan,7418.3,-44803.9,,,7418.3,44803.9,131421.15
1719395046,0,134488.55,nan,7307.36,-43821.7,,,7307.36,43821.7,134488.55
1719395047,0,137627.54,nan,7206.68,-42884.6,,,7206.68,42884.6,137627.54
1719395048,0,140839.8,nan,7104.09,-41960.3,,,7104.09,41960.3,140839.8
1719395049,0,144127.03,nan,7006.7,-41048.8,,,7006.7,41048.8,144127.03
1719395050,0,147490.98,nan,6909.55,-40148.2,,,6909.55,40148.2,147490.98
1719395051,0,150933.45,nan,6819.49,-39289.7,,,6819.49,39289.7,150933.45
1719395052,0,154456.27,nan,6728.18,-38420.8,,,6728.18,38420.8,154456.27
1719395052,0,158061.31,nan,6642.87,-37591.9,,,6642.87,37591.9,158061.31
1719395053,0,161750.5,nan,6560.02,-36774.9,,,6560.02,36774.9,161750.5
1719395054,0,165525.79,nan,6481,-35995.4,,,6481,35995.4,165525.79
1719395055,0,169389.2,nan,6401.1,-35213.3,,,6401.1,35213.3,169389.2
1719395056,0,173342.78,nan,6328.51,-34459.5,,,6328.51,34459.5,173342.78
1719395057,0,177388.63,nan,6254.64,-33704.9,,,6254.64,33704.9,177388.63
1719395058,0,181528.92,nan,6185.1,-32984,,,6185.1,32984,181528.92
1719395059,0,185765.85,nan,6115.43,-32261.5,,,6115.43,32261.5,185765.85
1719395060,0,190101.66,nan,6047.82,-31570.9,,,6047.82,31570.9,190101.66
1719395061,0,194538.67,nan,5985.19,-30897.1,,,5985.19,30897.1,194538.67
1719395062,0,199079.25,nan,5921.61,-30222.1,,,5921.61,30222.1,199079.25
1719395063,0,203725.8,nan,5862.19,-29578.5,,,5862.19,29578.5,203725.8
1719395063,0,208480.8,nan,5802.23,-28936.9,,,5802.23,28936.9,208480.8
1719395064,0,213346.79,nan,5746.79,-28322.6,,,5746.79,28322.6,213346.79
1719395065,0,218326.35,nan,5690.9,-27711.3,,,5690.9,27711.3,218326.35
1719395066,0,223422.13,nan,5637.3,-27116.6,,,5637.3,27116.6,223422.13
1719395067,0,228636.85,nan,5586.48,-26537.5,,,5586.48,26537.5,228636.85
1719395068,0,233973.28,nan,5535,-25963.3,,,5535,25963.3,233973.28
1719395069,0,239434.27,nan,5486.23,-25413.7,,,5486.23,25413.7,239434.27
1719395070,0,245022.72,nan,5437.81,-24869.8,,,5437.81,24869.8,245022.72
1719395071,0,250741.6,nan,5392.23,-24341,,,5392.23,24341,250741.6
1719395072,0,256593.96,nan,5347.27,-23818.3,,,5347.27,23818.3,256593.96
1719395073,0,262582.92,nan,5302.65,-23310.7,,,5302.65,23310.7,262582.92
1719395074,0,268711.66,nan,5260.61,-22817.9,,,5260.61,22817.9,268711.66
1719395074,0,274983.45,nan,5219.37,-22332.2,,,5219.37,22332.2,274983.45
1719395075,0,281401.62,nan,5179.46,-21860.1,,,5179.46,21860.1,281401.62
1719395076,0,287969.59,nan,5140.47,-21396.2,,,5140.47,21396.2,287969.59
1719395077,0,294690.86,nan,5101.62,-20947,,,5101.62,20947,294690.86
1719395078,0,301569.01,nan,5064.54,-20504.4,,,5064.54,20504.4,301569.01
1719395079,0,308607.69,nan,5029.97,-20076.9,,,5029.97,20076.9,308607.69
1719395080,0,315810.66,nan,4993.08,-19655.5,,,4993.08,19655.5,315810.66
1719395081,0,323181.75,nan,4958.52,-19243.2,,,4958.52,19243.2,323181.75
1719395082,0,330724.88,nan,4924.21,-18843.7,,,4924.21,18843.7,330724.88
1719395083,0,338444.07,nan,4891.2,-18452.7,,,4891.2,18452.7,338444.07
1719395084,0,346343.43,nan,4858.82,-18069.2,,,4858.82,18069.2,346343.43
1719395085,0,354427.16,nan,4826.62,-17693.7,,,4826.62,17693.7,354427.16
1719395085,0,362699.56,nan,4795.56,-17327.2,,,4795.56,17327.2,362699.56
1719395086,0,371165.05,nan,4765.42,-16969.3,,,4765.42,16969.3,371165.05
1719395087,0,379828.12,nan,4735.4,-16623.5,,,4735.4,16623.5,379828.12
1719395088,0,388693.39,nan,4705.1,-16281.5,,,4705.1,16281.5,388693.39
1719395089,0,397765.57,nan,4676.11,-15948.9,,,4676.11,15948.9,397765.57
1719395090,0,407049.5,nan,4647.41,-15627.1,,,4647.41,15627.1,407049.5
1719395091,0,416550.13,nan,4619.35,-15307.6,,,4619.35,15307.6,416550.13
1719395092,0,426272.49,nan,4591.71,-14999.3,,,4591.71,14999.3,426272.49
1719395093,0,436221.78,nan,4564.45,-14699.5,,,4564.45,14699.5,436221.78
1719395094,0,446403.29,nan,4537.73,-14404.4,,,4537.73,14404.4,446403.29
1719395095,0,456822.44,nan,4510.86,-14118.1,,,4510.86,14118.1,456822.44
1719395096,0,467484.77,nan,4483.87,-13836.8,,,4483.87,13836.8,467484.77
1719395096,0,478395.97,nan,4457.4,-13563.3,,,4457.4,13563.3,478395.97
1719395097,0,489561.83,nan,4431.61,-13296.1,,,4431.61,13296.1,489561.83
1719395098,0,500988.31,nan,4405.26,-13036.7,,,4405.26,13036.7,500988.31
1719395099,0,512681.48,nan,4380.02,-12782.2,,,4380.02,12782.2,512681.48
1719395100,0,524647.58,nan,4355.09,-12535.8,,,4355.09,12535.8,524647.58
1719395101,0,536892.96,nan,4329.43,-12293.2,,,4329.43,12293.2,536892.96
1719395102,0,549424.16,nan,4303.48,-12057.8,,,4303.48,12057.8,549424.16
1719395103,0,562247.83,nan,4277.91,-11828.4,,,4277.91,11828.4,562247.83
1719395104,0,575370.82,nan,4253.13,-11602.7,,,4253.13,11602.7,575370.82
1719395105,0,588800.1,nan,4227.11,-11384.5,,,4227.11,11384.5,588800.1
1719395106,0,602542.81,nan,4202.41,-11171.7,,,4202.41,11171.7,602542.81
1719395107,0,616606.29,nan,4176.27,-10963.1,,,4176.27,10963.1,616606.29
1719395108,0,630998.01,nan,4150.92,-10761.1,,,4150.92,10761.1,630998.01
1719395108,0,645725.64,nan,4124.9,-10563.1,,,4124.9,10563.1,645725.64
1719395109,0,660797.01,nan,4099.16,-10369.7,,,4099.16,10369.7,660797.01
1719395110,0,676220.16,nan,4073.24,-10182,,,4073.24,10182,676220.16
1719395111,0,692003.28,nan,4046.58,-9998.47,,,4046.58,9998.47,692003.28
1719395112,0,708154.78,nan,4019.71,-9819.1,,,4019.71,9819.1,708154.78
1719395113,0,724683.26,nan,3993.42,-9645.87,,,3993.42,9645.87,724683.26
1719395114,0,741597.53,nan,3965.62,-9476.14,,,3965.62,9476.14,741597.53
1719395115,0,758906.57,nan,3939.6,-9310.37,,,3939.6,9310.37,758906.57
1719395116,0,776619.61,nan,3911.96,-9148.87,,,3911.96,9148.87,776619.61
1719395117,0,794746.08,nan,3884.31,-8991.9,,,3884.31,8991.9,794746.08
1719395118,0,813295.62,nan,3856.45,-8838.27,,,3856.45,8838.27,813295.62
1719395118,0,832278.11,nan,3828.4,-8688.39,,,3828.4,8688.39,832278.11
1719395119,0,851703.66,nan,3799.36,-8542.31,,,3799.36,8542.31,851703.66
1719395120,0,871582.6,nan,3769.92,-8399.99,,,3769.92,8399.99,871582.6
1719395121,0,891925.53,nan,3744.71,-8261.04,,,3744.71,8261.04,891925.53
1719395122,0,912743.26,nan,3714.34,-8125.96,,,3714.34,8125.96,912743.26
1719395123,0,934046.88,nan,3684.77,-7993.62,,,3684.77,7993.62,934046.88
1719395124,0,955847.73,nan,3654.23,-7865.65,,,3654.23,7865.65,955847.73
1719395125,0,978157.42,nan,3623.97,-7740.1,,,3623.97,7740.1,978157.42
1719395126,0,1000987.82,nan,3592.58,-7617.37,,,3592.58,7617.37,1000987.82
1719395127,0,1024351.09,nan,3561.53,-7499.91,,,3561.53,7499.91,1024351.09
1719395128,0,1048259.66,nan,3529.51,-7383.21,,,3529.51,7383.21,1048259.66
1719395128,0,1072726.26,nan,3496.04,-7266.62,,,3496.04,7266.62,1072726.26
1719395129,0,1097763.92,nan,3463.12,-7155.9,,,3463.12,7155.9,1097763.92
1719395130,0,1123385.96,nan,3431.18,-7050.3,,,3431.18,7050.3,1123385.96
1719395131,0,1149606.03,nan,3396.27,-6940.91,,,3396.27,6940.91,1149606.03
1719395132,0,1176438.08,nan,3363.44,-6840.87,,,3363.44,6840.87,1176438.08
1719395133,0,1203896.39,nan,3328.07,-6738.15,,,3328.07,6738.15,1203896.39
1719395134,0,1231995.59,nan,3293.3,-6639.77,,,3293.3,6639.77,1231995.59
1719395135,0,1260750.63,nan,3257.75,-6542.25,,,3257.75,6542.25,1260750.63
1719395136,0,1290176.82,nan,3222.66,-6449.32,,,3222.66,6449.32,1290176.82
1719395137,0,1320289.82,nan,3186.57,-6357.27,,,3186.57,6357.27,1320289.82
1719395138,0,1351105.66,nan,3149.48,-6265.88,,,3149.48,6265.88,1351105.66
1719395139,0,1382640.76,nan,3112.33,-6176.3,,,3112.33,6176.3,1382640.76
1719395140,0,1414911.88,nan,3075.57,-6090.18,,,3075.57,6090.18,1414911.88
1719395140,0,1447936.23,nan,3038.36,-6005.3,,,3038.36,6005.3,1447936.23
1719395141,0,1481731.37,nan,3000.4,-5922.04,,,3000.4,5922.04,1481731.37
1719395142,0,1516315.29,nan,2963.63,-5841.66,,,2963.63,5841.66,1516315.29
1719395143,0,1551706.41,nan,2923.51,-5759.85,,,2923.51,5759.85,1551706.41
1719395144,0,1587923.57,nan,2884.99,-5681.88,,,2884.99,5681.88,1587923.57
1719395145,0,1624986.04,nan,2846.32,-5605.06,,,2846.32,5605.06,1624986.04
1719395146,0,1662913.56,nan,2807.55,-5529.09,,,2807.55,5529.09,1662913.56
1719395147,0,1701726.32,nan,2767.7,-5454.02,,,2767.7,5454.02,1701726.32
1719395148,0,1741444.97,nan,2728.44,-5382.61,,,2728.44,5382.61,1741444.97
1719395149,0,1782090.66,nan,2688.05,-5309.93,,,2688.05,5309.93,1782090.66
1719395150,0,1823685.04,nan,2648.08,-5238.26,,,2648.08,5238.26,1823685.04
1719395151,0,1866250.24,nan,2608.58,-5169.42,,,2608.58,5169.42,1866250.24
1719395151,0,1909808.91,nan,2567.9,-5100.44,,,2567.9,5100.44,1909808.91
1719395152,0,1954384.26,nan,2528.6,-5033.18,,,2528.6,5033.18,1954384.26
1719395153,0,2000000,nan,2487.87,-4965.63,,,2487.87,4965.63,2000000
